position,Value,GBR,IBS
1_8619789,0,0.093,0.3
1_8620985,0,0.107,0.3
1_8620985,2,0.44,0.212
1_8626803,0,0.107,0.3
1_8626803,2,0.44,0.212
1_8630874,0,0.093,0.3
1_8630874,2,0.427,0.212
1_8631820,0,0.107,0.3
1_8631820,2,0.44,0.212
1_8633265,0,0.107,0.3
1_8633265,2,0.44,0.212
1_8633478,0,0.107,0.312
1_8638218,0,0.107,0.3
1_8638218,2,0.427,0.212
1_8638988,0,0.107,0.3
1_8638988,2,0.427,0.212
1_8641172,0,0.107,0.3
1_8641172,2,0.44,0.212
1_8642694,0,0.093,0.3
1_8642694,2,0.427,0.212
1_8644000,0,0.093,0.3
1_8644978,2,0.44,0.212
1_8647057,0,0.093,0.3
1_8648470,0,0.093,0.3
1_8939310,0,0.52,0.237
1_9264512,0,0.213,0.463
1_9267890,0,0.24,0.537
1_9271185,0,0.227,0.463
1_9272644,0,0.227,0.463
1_9274507,0,0.24,0.588
1_9274546,0,0.24,0.588
1_9274655,0,0.24,0.588
1_9274937,0,0.24,0.588
1_9274994,0,0.24,0.588
1_9274995,0,0.24,0.588
1_9275065,0,0.24,0.588
1_9275101,0,0.24,0.588
1_9275280,0,0.28,0.6
1_17349848,2,0.32,0.062
1_18705400,0,0.267,0.537
1_59112685,0,0.173,0.537
1_59114832,0,0.187,0.537
1_59115600,0,0.187,0.537
1_59116876,0,0.187,0.537
1_59125845,0,0.187,0.537
1_59134040,0,0.187,0.525
1_59137769,0,0.187,0.525
1_59137804,0,0.187,0.525
1_59138085,0,0.187,0.537
1_59140749,0,0.253,0.588
1_71816799,0,0.4,0.2
1_71816799,2,0.093,0.312
1_75993760,2,0.467,0.225
1_75996636,2,0.467,0.225
1_75997992,2,0.467,0.225
1_75998747,0,0.467,0.225
1_76001669,2,0.467,0.225
1_76001954,2,0.467,0.225
1_76892899,0,0.227,0.487
1_76892953,0,0.227,0.475
1_76896010,0,0.227,0.475
1_76896627,0,0.227,0.487
1_76904091,0,0.227,0.487
1_76906832,0,0.227,0.487
1_76908025,0,0.24,0.487
1_76911247,0,0.24,0.487
1_76915702,0,0.24,0.487
1_76915912,0,0.227,0.463
1_76915913,0,0.227,0.463
1_76948575,0,0.12,0.325
1_76948575,2,0.44,0.163
1_76956672,0,0.387,0.15
1_76962688,0,0.387,0.163
1_76968174,0,0.387,0.15
1_76968259,0,0.387,0.163
1_76968550,0,0.387,0.15
1_76970047,0,0.387,0.15
1_76970071,0,0.387,0.163
1_76970121,0,0.387,0.15
1_76973126,0,0.387,0.163
1_77524238,0,0.253,0.613
1_77559774,0,0.267,0.588
1_87451273,2,0.347,0.1
1_87452063,2,0.347,0.1
1_89268591,0,0.333,0.113
1_89274791,0,0.333,0.113
1_89274833,0,0.333,0.113
1_89276834,0,0.387,0.125
1_89276838,0,0.387,0.125
1_89276878,0,0.387,0.125
1_90353759,0,0.213,0.613
1_90353759,1,0.56,0.275
1_90354257,0,0.12,0.4
1_90354560,0,0.227,0.613
1_90354699,0,0.227,0.613
1_90355403,0,0.227,0.613
1_90355617,0,0.213,0.613
1_90355617,1,0.56,0.275
1_90356019,0,0.227,0.613
1_90356034,0,0.227,0.613
1_90356219,0,0.227,0.6
1_90356684,0,0.227,0.613
1_90356739,0,0.227,0.613
1_90356778,0,0.227,0.613
1_90357141,0,0.227,0.613
1_90357148,0,0.227,0.613
1_90357395,0,0.227,0.613
1_90357413,0,0.227,0.613
1_90357449,0,0.227,0.613
1_90357467,0,0.227,0.613
1_90359615,0,0.24,0.6
1_90359630,0,0.24,0.6
1_90460444,0,0.187,0.463
1_110231825,0,0.24,0.487
1_110388953,0,0.16,0.412
1_110390053,0,0.16,0.412
1_110395072,0,0.16,0.412
1_110396349,0,0.16,0.412
1_110397575,0,0.16,0.412
1_110398479,0,0.16,0.412
1_110399828,2,0.307,0.1
1_110403672,0,0.16,0.412
1_110404602,0,0.16,0.412
1_110407817,0,0.16,0.412
1_110408997,0,0.16,0.425
1_110410571,0,0.16,0.412
1_110411178,0,0.16,0.425
1_110412598,0,0.16,0.425
1_110413189,0,0.16,0.412
1_110413529,0,0.16,0.412
1_110414072,0,0.16,0.412
1_110414177,0,0.16,0.412
1_110414440,0,0.16,0.412
1_110415087,0,0.16,0.425
1_110415412,0,0.16,0.412
1_110417111,0,0.16,0.412
1_110417803,0,0.16,0.425
1_110418974,0,0.16,0.412
1_110420178,0,0.16,0.412
1_117312067,2,0.613,0.263
1_119764892,2,0.347,0.15
1_156055305,1,0.107,0.388
1_157183612,0,0.2,0.4
1_157369370,1,0.213,0.463
1_157372532,1,0.213,0.463
1_157375555,1,0.213,0.463
1_157375714,1,0.213,0.475
1_157376228,1,0.213,0.475
1_167146047,0,0.28,0.562
1_169584820,2,0.227,0.5
1_169600207,2,0.253,0.525
1_172166513,0,0.387,0.15
1_172167979,0,0.387,0.15
1_172172263,2,0.093,0.325
1_172180808,0,0.387,0.15
1_172184023,0,0.387,0.15
1_172189955,0,0.387,0.15
1_172193337,0,0.387,0.15
1_172193540,0,0.387,0.15
1_172199888,0,0.387,0.15
1_172205975,0,0.387,0.15
1_172206671,0,0.387,0.15
1_172207833,0,0.387,0.15
1_172214579,0,0.387,0.15
1_172215889,0,0.387,0.15
1_177224561,2,0.36,0.163
1_213955877,2,0.307,0.138
1_214343584,0,0.227,0.525
1_214345295,1,0.427,0.2
1_214346272,0,0.227,0.5
1_214367993,2,0.387,0.138
1_214379907,1,0.427,0.188
1_229777353,0,0.16,0.338
1_234496233,0,0.347,0.163
1_234496512,0,0.347,0.163
1_234496623,0,0.347,0.163
2_20604818,2,0.56,0.25
2_20606576,2,0.56,0.25
2_20608239,2,0.56,0.25
2_20736756,0,0.4,0.163
2_20736880,0,0.4,0.163
2_20743525,0,0.44,0.188
2_20747437,0,0.4,0.15
2_20747437,2,0.12,0.3
2_28652251,0,0.173,0.487
2_28653107,0,0.173,0.487
2_28653522,0,0.173,0.487
2_28654719,0,0.173,0.487
2_28669902,0,0.173,0.487
2_46803585,0,0.107,0.3
2_46807589,0,0.173,0.35
2_46807589,2,0.373,0.113
2_46807989,0,0.133,0.312
2_46811578,0,0.107,0.338
2_52718452,1,0.507,0.225
2_52719199,1,0.507,0.225
2_52720721,1,0.507,0.237
2_54313477,0,0.187,0.45
2_58814297,0,0.467,0.225
2_58815712,2,0.253,0.512
2_60178485,2,0.48,0.212
2_79384938,2,0.36,0.087
2_79395288,2,0.373,0.1
2_86782365,0,0.173,0.4
2_86833544,0,0.293,0.637
2_94610242,0,0.307,0.075
2_94621794,0,0.32,0.075
2_94652995,0,0.333,0.113
2_94652995,2,0.213,0.45
2_94693580,0,0.333,0.113
2_94693580,2,0.213,0.45
2_94698771,0,0.347,0.113
2_94698771,2,0.213,0.463
2_94755952,2,0.307,0.1
2_94757400,2,0.307,0.087
2_94760704,2,0.307,0.087
2_102935850,2,0.56,0.275
2_103440311,2,0.373,0.138
2_103442052,2,0.373,0.138
2_103442983,2,0.373,0.113
2_103443300,2,0.373,0.138
2_103444920,2,0.373,0.138
2_103448268,2,0.373,0.138
2_103453455,2,0.373,0.138
2_103453552,2,0.373,0.138
2_103453554,2,0.373,0.138
2_103453589,2,0.373,0.138
2_103453950,2,0.373,0.138
2_103454671,2,0.373,0.138
2_103455078,2,0.373,0.138
2_103455652,2,0.373,0.138
2_106038431,2,0.067,0.35
2_106039754,0,0.093,0.375
2_106039754,2,0.32,0.15
2_106039786,0,0.08,0.375
2_106041736,0,0.08,0.375
2_177731944,2,0.627,0.275
2_177735412,2,0.667,0.325
2_178090036,2,0.32,0.075
2_198096341,0,0.413,0.188
2_198096341,2,0.147,0.325
2_203392317,0,0.387,0.163
2_204128730,0,0.253,0.6
2_204129296,0,0.307,0.625
2_204130542,0,0.307,0.637
2_204132313,0,0.307,0.637
2_204135139,0,0.307,0.637
2_204136337,0,0.307,0.637
2_204136659,0,0.307,0.637
2_204136840,0,0.307,0.637
2_204142314,2,0.307,0.637
2_204142621,2,0.307,0.637
2_213470461,0,0.507,0.237
2_213482929,0,0.507,0.25
2_213508658,0,0.507,0.25
2_213593576,0,0.507,0.237
2_213688493,0,0.52,0.237
2_213689409,0,0.52,0.237
2_213852890,0,0.293,0.588
2_213896581,0,0.293,0.588
2_213896581,2,0.427,0.138
2_213896583,2,0.427,0.138
2_213896585,2,0.427,0.138
2_213896587,2,0.427,0.138
2_213896593,2,0.427,0.138
2_213896595,2,0.413,0.138
2_213932168,0,0.28,0.575
2_215887584,0,0.533,0.263
2_215890082,0,0.533,0.25
2_216373080,0,0.173,0.412
2_216375907,0,0.173,0.412
2_216546523,0,0.44,0.175
2_216546523,2,0.147,0.3
2_217302229,2,0.413,0.175
2_223159302,2,0.467,0.2
2_223159428,2,0.467,0.2
2_231484925,0,0.307,0.1
2_231490121,0,0.307,0.1
2_231490473,0,0.307,0.1
2_231495773,0,0.307,0.1
2_231495986,0,0.307,0.1
2_231500609,0,0.307,0.1
2_231502800,0,0.307,0.1
2_231504690,0,0.307,0.1
2_231505087,0,0.307,0.1
2_231513520,0,0.307,0.1
2_231671707,2,0.307,0.062
2_231672740,2,0.28,0.575
2_231673939,2,0.267,0.562
2_231675800,2,0.267,0.55
2_238737824,0,0.187,0.4
2_238737824,2,0.36,0.125
2_238740780,0,0.187,0.388
2_238740780,2,0.36,0.138
2_238758730,0,0.307,0.113
2_238795638,0,0.267,0.562
2_238798341,0,0.267,0.55
2_239935280,0,0.533,0.225
2_240259947,0,0.453,0.188
2_240260073,0,0.507,0.237
2_240269660,0,0.507,0.237
2_240272187,0,0.507,0.237
3_4302575,0,0.56,0.25
3_7312255,0,0.453,0.175
3_7312998,0,0.56,0.237
3_7313270,0,0.533,0.225
3_7322360,0,0.52,0.188
3_7322885,0,0.493,0.188
3_7323401,0,0.52,0.188
3_7323469,0,0.493,0.188
3_7323557,0,0.52,0.188
3_7323670,0,0.52,0.188
3_7323703,0,0.52,0.188
3_7323745,0,0.493,0.188
3_7323807,0,0.52,0.188
3_7324212,0,0.52,0.188
3_7324370,0,0.52,0.188
3_7324508,0,0.52,0.188
3_7324665,0,0.52,0.175
3_7324765,0,0.52,0.188
3_7324864,0,0.52,0.188
3_7324987,0,0.52,0.188
3_7324989,0,0.52,0.188
3_7325177,0,0.52,0.188
3_7325544,0,0.52,0.188
3_7325571,0,0.52,0.188
3_7325841,0,0.52,0.188
3_7326379,0,0.52,0.188
3_7326503,0,0.52,0.188
3_7326986,0,0.52,0.188
3_7327655,0,0.52,0.188
3_7327937,0,0.52,0.188
3_7328523,0,0.52,0.188
3_7328757,0,0.52,0.188
3_7329042,0,0.52,0.188
3_7329102,0,0.52,0.188
3_7329464,0,0.52,0.188
3_7329585,0,0.52,0.188
3_7329605,0,0.52,0.188
3_7329684,0,0.52,0.2
3_7329817,0,0.52,0.2
3_10726740,2,0.507,0.25
3_10728839,2,0.507,0.25
3_10730990,2,0.493,0.237
3_12868838,0,0.4,0.125
3_21846654,0,0.093,0.3
3_21846679,0,0.093,0.3
3_28169835,0,0.36,0.113
3_29198173,0,0.373,0.175
3_29198173,2,0.133,0.362
3_29202350,2,0.213,0.45
3_29202387,2,0.213,0.45
3_29208505,0,0.373,0.1
3_29209205,0,0.4,0.125
3_29210501,2,0.227,0.463
3_33025191,2,0.507,0.2
3_56471448,0,0.427,0.2
3_56480514,0,0.453,0.225
3_123056640,0,0.213,0.575
3_123056640,1,0.6,0.3
3_127222394,2,0.507,0.237
3_137562788,0,0.533,0.225
3_137575133,0,0.493,0.225
3_137578814,0,0.493,0.212
3_149711698,0,0.6,0.3
3_161657792,2,0.12,0.362
3_172398112,2,0.493,0.237
4_1208236,0,0.453,0.188
4_1208236,2,0.093,0.3
4_1222245,2,0.32,0.087
4_1242524,0,0.24,0.512
4_1242774,0,0.24,0.512
4_1244180,0,0.24,0.5
4_1244458,0,0.24,0.5
4_1244575,0,0.24,0.5
4_1245071,0,0.24,0.5
4_1247684,0,0.24,0.5
4_1248426,0,0.24,0.5
4_1250089,0,0.28,0.575
4_1250249,0,0.24,0.5
4_1251091,0,0.24,0.5
4_1251489,0,0.24,0.5
4_1281669,0,0.347,0.138
4_1281996,0,0.307,0.087
4_1282197,0,0.307,0.087
4_1282244,0,0.307,0.087
4_1282257,0,0.307,0.087
4_1282561,0,0.307,0.087
4_1282762,0,0.32,0.087
4_1282970,0,0.307,0.087
4_1283009,0,0.307,0.087
4_1284418,2,0.307,0.075
4_1284467,2,0.307,0.075
4_1284647,2,0.307,0.075
4_1284848,2,0.307,0.075
4_1285026,2,0.307,0.075
4_1285103,2,0.307,0.075
4_1285126,2,0.307,0.075
4_1285357,2,0.307,0.075
4_1285374,2,0.307,0.075
4_1285572,2,0.307,0.075
4_1285899,2,0.307,0.075
4_1285939,2,0.307,0.075
4_1286072,2,0.307,0.075
4_1286128,2,0.307,0.075
4_1286150,2,0.307,0.075
4_1286156,2,0.307,0.075
4_1286314,2,0.307,0.075
4_1287159,2,0.307,0.075
4_1288163,2,0.307,0.075
4_1290364,2,0.307,0.075
4_1291733,2,0.307,0.075
4_1291772,2,0.307,0.075
4_1293047,2,0.307,0.075
4_1296693,2,0.307,0.075
4_1297325,2,0.32,0.1
4_1298003,2,0.307,0.075
4_1299023,2,0.307,0.075
4_1299267,2,0.307,0.075
4_1300209,2,0.307,0.075
4_1300559,2,0.307,0.075
4_1300744,2,0.307,0.075
4_1306198,2,0.307,0.075
4_1306439,2,0.307,0.075
4_1307264,2,0.307,0.075
4_1309114,2,0.307,0.075
4_1309894,2,0.307,0.075
4_1310717,2,0.307,0.075
4_1311521,2,0.307,0.075
4_1314621,2,0.307,0.075
4_1314649,2,0.307,0.075
4_1316929,0,0.24,0.487
4_1316929,2,0.307,0.075
4_1319700,0,0.227,0.475
4_1321831,2,0.307,0.075
4_1322032,2,0.307,0.075
4_1323036,2,0.307,0.075
4_2535886,1,0.253,0.537
4_2587222,1,0.267,0.55
4_2676481,1,0.267,0.55
4_6463647,2,0.52,0.225
4_6463793,2,0.547,0.225
4_6463853,2,0.52,0.225
4_6464064,2,0.533,0.225
4_6464151,2,0.52,0.225
4_6464360,0,0.547,0.225
4_6466918,2,0.44,0.163
4_6479142,0,0.587,0.25
4_6479962,2,0.613,0.25
4_6480054,2,0.587,0.25
4_6484947,0,0.613,0.275
4_6490104,0,0.573,0.25
4_6493109,0,0.573,0.25
4_6493795,0,0.573,0.25
4_6494518,2,0.533,0.225
4_6494600,0,0.587,0.237
4_6497389,0,0.587,0.275
4_6501893,0,0.587,0.275
4_6505827,0,0.587,0.275
4_6506114,0,0.573,0.275
4_7456480,0,0.12,0.375
4_12369829,0,0.493,0.225
4_12372377,0,0.493,0.225
4_12372962,0,0.493,0.225
4_12373196,0,0.493,0.225
4_12373460,0,0.493,0.225
4_12373776,0,0.493,0.225
4_12374313,0,0.48,0.225
4_12377262,0,0.48,0.225
4_12377432,0,0.48,0.225
4_12377487,0,0.48,0.225
4_12377694,0,0.48,0.225
4_12378215,0,0.48,0.225
4_12378227,0,0.48,0.225
4_12379967,2,0.493,0.225
4_12380478,2,0.493,0.225
4_12380741,2,0.48,0.225
4_12382323,2,0.48,0.225
4_12383515,2,0.48,0.212
4_12384946,2,0.493,0.225
4_12384965,2,0.493,0.225
4_12385049,2,0.493,0.225
4_12385134,2,0.493,0.225
4_12385421,2,0.493,0.225
4_12385866,2,0.48,0.212
4_12386182,2,0.493,0.225
4_12388193,0,0.507,0.225
4_12388788,0,0.507,0.225
4_12389260,2,0.493,0.225
4_87474898,2,0.467,0.188
4_87790114,2,0.187,0.412
4_88244342,2,0.307,0.1
4_112863655,0,0.68,0.325
4_112863655,1,0.267,0.55
4_135132313,1,0.427,0.212
4_140969378,0,0.36,0.125
4_140970000,0,0.36,0.125
4_140971253,0,0.347,0.125
4_142336087,1,0.213,0.55
4_142336123,1,0.213,0.55
4_142359264,1,0.213,0.575
4_142359264,2,0.747,0.35
4_142393430,1,0.253,0.512
4_156550831,0,0.147,0.375
4_156550831,2,0.32,0.125
4_164904614,1,0.107,0.487
4_164906084,1,0.107,0.487
4_164906597,1,0.107,0.487
4_164909424,1,0.2,0.5
4_164909426,1,0.2,0.5
4_164911278,1,0.107,0.475
4_168180007,0,0.613,0.3
4_168182883,0,0.613,0.3
4_168183828,0,0.613,0.3
4_168184412,0,0.613,0.3
4_168186061,0,0.613,0.3
4_168186291,0,0.613,0.3
4_168186458,0,0.613,0.3
4_168186601,0,0.613,0.3
4_168187069,0,0.613,0.3
4_168188131,0,0.613,0.3
4_168188443,0,0.613,0.3
4_168189644,0,0.613,0.3
4_168189858,0,0.613,0.3
4_168191591,0,0.613,0.3
4_168192313,0,0.613,0.3
4_168192497,0,0.613,0.3
4_168192929,0,0.613,0.3
4_168193182,0,0.613,0.3
4_168193697,0,0.613,0.3
4_168193832,0,0.613,0.3
4_168194534,0,0.613,0.3
4_168194560,0,0.613,0.3
4_168194716,0,0.613,0.3
4_176052781,2,0.16,0.412
4_181343968,0,0.333,0.15
4_181343968,2,0.2,0.463
4_181345529,0,0.333,0.15
4_181345529,2,0.2,0.475
4_182101412,2,0.507,0.225
4_185028371,0,0.613,0.3
4_185028517,0,0.613,0.3
4_185030272,0,0.653,0.312
4_185049196,0,0.56,0.25
4_185051943,0,0.56,0.25
4_185055778,0,0.573,0.275
4_185056044,0,0.573,0.275
4_185056200,0,0.573,0.275
4_185056363,0,0.573,0.275
4_185056397,0,0.573,0.275
4_185057126,0,0.573,0.263
4_185057430,2,0.08,0.3
4_187286139,1,0.16,0.45
4_187287752,1,0.147,0.425
4_187288634,1,0.147,0.425
4_187288647,1,0.147,0.425
4_187288660,1,0.147,0.425
4_187288939,1,0.16,0.45
4_187289001,1,0.16,0.45
4_187289049,1,0.16,0.45
4_187289069,1,0.16,0.45
4_187289071,1,0.16,0.45
4_187289087,1,0.147,0.45
4_187289141,1,0.16,0.45
4_187289171,1,0.16,0.45
4_187289187,1,0.16,0.45
4_187289189,1,0.16,0.45
4_187289467,1,0.16,0.45
4_187289494,1,0.16,0.45
4_187289528,1,0.16,0.45
4_187289949,1,0.16,0.45
4_187290169,1,0.147,0.425
4_187290439,1,0.16,0.45
4_187292187,1,0.147,0.425
4_187292232,1,0.147,0.425
4_187292619,1,0.147,0.45
4_187292645,1,0.133,0.425
4_187292712,0,0.6,0.3
4_187292890,2,0.6,0.287
4_187292916,2,0.6,0.287
4_187292920,2,0.6,0.287
4_187293715,1,0.133,0.425
4_187295461,2,0.6,0.287
4_187296274,2,0.6,0.287
4_187297488,2,0.573,0.263
4_187298315,1,0.147,0.438
4_187298956,1,0.147,0.438
4_187299060,1,0.147,0.438
4_187299073,1,0.147,0.438
4_187299216,1,0.147,0.438
4_187299508,1,0.147,0.438
4_187299569,1,0.147,0.438
4_187299577,1,0.147,0.438
4_187299668,1,0.147,0.438
4_187299694,1,0.147,0.438
4_187299853,1,0.147,0.438
4_187300040,1,0.147,0.438
4_187300071,1,0.147,0.438
4_187300104,1,0.147,0.438
4_187300267,1,0.147,0.438
4_187300343,1,0.147,0.438
4_187300722,1,0.147,0.438
4_187300776,1,0.147,0.425
4_187300778,1,0.147,0.425
4_187300791,1,0.147,0.425
4_187300807,1,0.147,0.425
4_187300849,1,0.147,0.438
4_187300850,1,0.147,0.438
4_187300930,1,0.147,0.438
4_187301028,1,0.147,0.438
4_187301132,1,0.147,0.438
4_187301171,1,0.147,0.438
4_187301624,1,0.147,0.438
4_189582343,2,0.24,0.487
5_1844685,2,0.147,0.362
5_5124762,0,0.307,0.15
5_5124762,2,0.227,0.487
5_5126600,0,0.307,0.15
5_5126600,2,0.227,0.487
5_8702260,0,0.107,0.375
5_9699407,2,0.4,0.15
5_9699487,0,0.16,0.362
5_9699487,2,0.387,0.15
5_16286165,1,0.147,0.425
5_22100234,2,0.2,0.463
5_22100556,2,0.2,0.463
5_22101213,2,0.2,0.463
5_22102818,2,0.187,0.45
5_22103410,2,0.2,0.463
5_22103505,2,0.2,0.463
5_22107441,2,0.187,0.463
5_22109410,2,0.187,0.475
5_22125436,2,0.187,0.463
5_22126070,2,0.187,0.463
5_24890877,0,0.347,0.138
5_24890877,2,0.16,0.388
5_24890962,0,0.347,0.138
5_24890962,2,0.16,0.388
5_24891019,0,0.333,0.138
5_24891019,2,0.16,0.388
5_24918786,0,0.267,0.562
5_24920117,0,0.32,0.125
5_24920117,2,0.213,0.45
5_24921163,0,0.32,0.125
5_24921163,2,0.213,0.45
5_56515519,0,0.173,0.362
5_56515519,2,0.413,0.188
5_56521947,2,0.413,0.175
5_56538403,2,0.387,0.175
5_56538575,2,0.413,0.188
5_56540226,2,0.373,0.175
5_56541792,2,0.373,0.175
5_56542122,2,0.387,0.188
5_56542658,2,0.373,0.175
5_56543337,2,0.36,0.175
5_56545635,0,0.147,0.438
5_56547371,2,0.36,0.175
5_56548222,0,0.147,0.438
5_56550089,0,0.147,0.438
5_56552842,0,0.147,0.438
5_57299737,2,0.747,0.362
5_57300862,2,0.693,0.338
5_57304221,2,0.693,0.312
5_57304517,2,0.693,0.312
5_57305430,2,0.693,0.312
5_57307508,2,0.693,0.312
5_57307750,2,0.693,0.312
5_57308624,2,0.693,0.312
5_57310695,2,0.693,0.312
5_57311618,2,0.693,0.312
5_57313438,2,0.693,0.312
5_57315245,2,0.693,0.312
5_57319524,2,0.693,0.312
5_57321206,2,0.693,0.312
5_67234742,2,0.187,0.4
5_67237998,0,0.32,0.1
5_67237998,2,0.173,0.388
5_67239009,2,0.187,0.4
5_67239244,2,0.173,0.4
5_67241883,0,0.347,0.125
5_67241883,2,0.173,0.362
5_67242572,0,0.347,0.125
5_67242572,2,0.173,0.362
5_67246075,0,0.333,0.125
5_67246075,2,0.173,0.375
5_67246805,0,0.333,0.125
5_67246805,2,0.173,0.375
5_67247545,0,0.333,0.125
5_67247545,2,0.173,0.375
5_67249310,0,0.333,0.125
5_67249310,2,0.173,0.375
5_67253074,0,0.32,0.087
5_67253074,2,0.173,0.412
5_67253414,0,0.333,0.113
5_67253414,2,0.173,0.388
5_67943525,0,0.187,0.475
5_67944408,0,0.187,0.475
5_67944529,0,0.187,0.475
5_67951881,0,0.187,0.475
5_68011858,2,0.173,0.487
5_68011918,2,0.173,0.487
5_68011967,2,0.173,0.487
5_84770170,2,0.093,0.3
5_84773706,2,0.093,0.3
5_84774943,2,0.093,0.3
5_84775739,2,0.093,0.3
5_96020694,2,0.56,0.225
5_123427510,0,0.253,0.525
5_172726338,0,0.48,0.237
5_172729059,0,0.493,0.237
5_172729202,0,0.48,0.237
6_4680836,0,0.44,0.175
6_6434835,0,0.32,0.138
6_8364823,0,0.467,0.2
6_8364823,2,0.133,0.3
6_8385518,0,0.48,0.212
6_8385518,2,0.133,0.3
6_8386910,0,0.467,0.2
6_8386910,2,0.133,0.3
6_12382369,0,0.227,0.463
6_66593268,2,0.587,0.25
6_82726000,2,0.107,0.3
6_82726103,2,0.107,0.3
6_82726132,2,0.107,0.3
6_82727181,2,0.107,0.3
6_82727210,2,0.107,0.3
6_82732705,2,0.107,0.3
6_82733247,2,0.107,0.3
6_82733704,0,0.32,0.1
6_82733704,2,0.173,0.362
6_82735086,0,0.32,0.1
6_82735086,2,0.173,0.375
6_82735712,2,0.107,0.338
6_88285609,2,0.173,0.45
6_88300046,2,0.173,0.45
6_88301444,2,0.173,0.45
6_88301451,2,0.173,0.45
6_88309028,2,0.173,0.475
6_105989946,1,0.227,0.5
6_105990617,1,0.227,0.487
6_105995192,1,0.227,0.463
6_112262016,0,0.24,0.512
6_112263220,0,0.24,0.512
6_112264396,0,0.24,0.525
6_112265110,0,0.24,0.512
6_112265229,0,0.24,0.525
6_112267024,0,0.24,0.525
6_112267340,0,0.24,0.512
6_112268308,0,0.24,0.512
6_112269292,0,0.24,0.512
6_112269462,0,0.24,0.512
6_112270704,0,0.24,0.512
6_124405626,0,0.2,0.438
6_124405626,2,0.36,0.138
6_124406961,0,0.2,0.412
6_124406961,2,0.36,0.138
6_124408288,0,0.2,0.412
6_124408288,2,0.36,0.138
6_124409833,0,0.2,0.425
6_124409833,2,0.36,0.138
6_124410636,0,0.2,0.412
6_124410636,2,0.36,0.138
6_124412649,0,0.2,0.425
6_124412649,2,0.36,0.138
6_124413962,0,0.2,0.425
6_124413962,2,0.36,0.138
6_124414956,0,0.2,0.425
6_124414956,2,0.36,0.138
6_124416190,0,0.2,0.438
6_124416190,2,0.347,0.138
6_124416191,0,0.213,0.438
6_124416191,2,0.36,0.138
6_124417159,0,0.2,0.425
6_124417159,2,0.36,0.138
6_124424717,0,0.187,0.425
6_124424717,2,0.347,0.138
6_124438655,0,0.147,0.412
6_124438655,2,0.36,0.138
6_124450087,0,0.147,0.388
6_124450087,2,0.373,0.138
6_124454904,0,0.147,0.388
6_124454904,2,0.373,0.138
6_124465714,2,0.4,0.138
6_124473754,0,0.133,0.4
6_124473754,2,0.4,0.138
6_124479852,0,0.133,0.388
6_124479852,2,0.4,0.138
6_124480104,0,0.133,0.375
6_124480104,2,0.4,0.138
6_124482504,0,0.133,0.362
6_124482504,2,0.4,0.15
6_124502870,2,0.32,0.125
6_159603813,2,0.12,0.312
6_159605096,0,0.467,0.212
6_159605480,0,0.467,0.225
6_159605480,2,0.133,0.312
6_159609031,0,0.467,0.225
6_159610183,0,0.467,0.225
6_159612589,0,0.467,0.212
6_159612969,0,0.467,0.212
6_159612972,0,0.467,0.212
6_159614713,0,0.467,0.212
6_159615791,0,0.467,0.212
6_159616120,0,0.467,0.212
6_159617231,0,0.48,0.237
6_159622828,0,0.467,0.212
6_159624300,0,0.467,0.212
6_159627133,0,0.467,0.212
6_159627605,0,0.467,0.212
6_159628410,0,0.48,0.225
6_159629237,0,0.48,0.225
6_159629791,0,0.48,0.225
6_159630633,0,0.48,0.225
6_159633904,0,0.493,0.212
6_159633923,0,0.493,0.212
6_159637208,0,0.493,0.212
6_159637994,0,0.493,0.212
6_159639580,0,0.493,0.212
7_4921577,2,0.093,0.3
7_4923057,2,0.093,0.3
7_4923674,2,0.093,0.3
7_4924149,2,0.093,0.3
7_4924371,2,0.093,0.3
7_4926114,0,0.453,0.225
7_4926114,2,0.093,0.3
7_4927307,2,0.453,0.225
7_24248960,0,0.653,0.325
7_24249581,0,0.653,0.325
7_24249625,0,0.653,0.325
7_24249819,0,0.653,0.325
7_24249839,0,0.653,0.325
7_24249950,0,0.653,0.325
7_24276702,0,0.467,0.175
7_24277003,0,0.44,0.163
7_24285140,2,0.36,0.113
7_24296868,2,0.413,0.15
7_26415826,0,0.347,0.738
7_26415826,1,0.6,0.225
7_26416808,0,0.347,0.738
7_26416808,1,0.6,0.225
7_26416945,0,0.347,0.738
7_26416945,1,0.6,0.225
7_26417259,0,0.347,0.738
7_26417259,1,0.6,0.225
7_26545637,0,0.307,0.113
7_26545637,2,0.227,0.475
7_26546068,0,0.307,0.125
7_26546068,2,0.227,0.475
7_26546250,0,0.56,0.275
7_26546388,0,0.56,0.275
7_26546952,0,0.56,0.275
7_26547048,0,0.56,0.275
7_26547095,0,0.56,0.275
7_26547115,0,0.56,0.263
7_26547637,0,0.56,0.275
7_26547780,0,0.56,0.275
7_26547784,0,0.56,0.275
7_26547801,0,0.56,0.275
7_26547867,0,0.56,0.275
7_26548053,0,0.56,0.275
7_26548791,2,0.24,0.512
7_26550355,2,0.24,0.512
7_26551387,0,0.573,0.25
7_29554938,2,0.173,0.487
7_29569775,1,0.493,0.212
7_29656307,0,0.52,0.25
7_52036650,0,0.147,0.3
7_52036650,2,0.387,0.125
7_54840416,0,0.24,0.525
7_69102599,0,0.147,0.35
7_69103237,0,0.147,0.362
7_69104305,0,0.147,0.35
7_69104305,2,0.427,0.2
7_69115873,0,0.173,0.35
7_69115873,2,0.387,0.163
7_69133244,0,0.147,0.338
7_71217549,0,0.28,0.562
7_71221539,0,0.253,0.525
7_77962651,2,0.347,0.087
7_126883584,0,0.16,0.325
7_126883584,2,0.387,0.15
7_131513025,2,0.347,0.15
7_131518877,2,0.373,0.163
7_131520034,0,0.2,0.438
7_144810883,2,0.08,0.325
7_150779585,0,0.507,0.237
7_150786424,2,0.107,0.35
7_150786690,2,0.107,0.35
7_150787013,2,0.107,0.35
8_6503708,2,0.147,0.425
8_6504104,2,0.133,0.412
8_6504960,2,0.093,0.388
8_6505587,2,0.093,0.388
8_6506102,2,0.093,0.388
8_6506429,2,0.133,0.412
8_6508217,2,0.093,0.388
8_6508313,2,0.133,0.412
8_6517252,2,0.12,0.412
8_6529072,0,0.373,0.175
8_6529072,2,0.08,0.325
8_6529078,0,0.373,0.175
8_6529078,2,0.08,0.325
8_6529099,0,0.373,0.175
8_6529099,2,0.08,0.325
8_6531012,2,0.08,0.325
8_57965830,0,0.36,0.138
8_57965830,2,0.12,0.3
8_57966227,0,0.4,0.138
8_57966227,2,0.107,0.3
8_57966278,0,0.36,0.138
8_57966278,2,0.12,0.3
8_57966852,0,0.4,0.125
8_57968741,0,0.4,0.138
8_57968741,2,0.107,0.3
8_57970299,0,0.373,0.138
8_57970299,2,0.107,0.312
8_57971578,0,0.36,0.138
8_57971578,2,0.107,0.312
8_57973477,0,0.36,0.138
8_57973477,2,0.107,0.312
8_57977055,0,0.4,0.138
8_57977055,2,0.093,0.312
8_57977460,0,0.4,0.138
8_57977460,2,0.093,0.312
8_57978191,0,0.4,0.125
8_57978191,2,0.093,0.312
8_79372979,0,0.507,0.237
8_79379771,0,0.52,0.25
8_81990240,2,0.253,0.575
8_81999283,2,0.253,0.588
8_82014893,2,0.16,0.425
8_97857712,0,0.347,0.138
8_100873480,0,0.213,0.487
8_112040909,0,0.707,0.35
8_112044441,0,0.707,0.35
8_112050527,0,0.707,0.35
8_112055983,0,0.707,0.35
8_112061867,0,0.707,0.35
8_112067524,0,0.707,0.35
8_112079785,0,0.707,0.35
8_112082484,0,0.707,0.35
8_112083052,0,0.707,0.35
8_112153678,2,0.347,0.075
8_112159168,0,0.627,0.3
8_112167199,0,0.173,0.375
8_112167199,2,0.333,0.125
8_117722487,2,0.547,0.225
8_117727946,2,0.453,0.188
8_118482061,0,0.573,0.263
8_130850058,2,0.493,0.188
8_130850174,2,0.493,0.188
8_130850573,2,0.493,0.188
8_145021880,1,0.147,0.45
8_145028413,1,0.187,0.487
8_145068028,1,0.187,0.463
8_145069577,1,0.187,0.463
8_145069807,1,0.187,0.463
8_145072538,1,0.2,0.5
9_5530017,0,0.533,0.212
9_5617190,0,0.4,0.175
9_9183542,2,0.307,0.087
9_16936254,2,0.48,0.225
9_16937048,2,0.48,0.225
9_16942339,0,0.133,0.388
9_16953686,0,0.173,0.412
9_16954004,0,0.173,0.412
9_16957140,0,0.173,0.412
9_16958465,0,0.173,0.4
9_16959542,0,0.173,0.412
9_17933219,0,0.133,0.388
9_17936630,0,0.133,0.388
9_17936630,2,0.453,0.225
9_17942417,0,0.133,0.388
9_17942417,2,0.427,0.188
9_17946053,0,0.107,0.388
9_17946053,2,0.44,0.212
9_17952792,0,0.12,0.412
9_17952792,2,0.44,0.212
9_17952794,0,0.12,0.412
9_17952794,2,0.44,0.212
9_17969521,0,0.147,0.412
9_17971091,0,0.147,0.4
9_17974599,0,0.147,0.4
9_17976265,0,0.147,0.412
9_17976912,0,0.16,0.412
9_17981044,0,0.147,0.425
9_17981656,0,0.147,0.412
9_19604080,2,0.427,0.163
9_19605525,2,0.427,0.175
9_19606049,2,0.44,0.175
9_19606356,2,0.427,0.188
9_19606719,2,0.44,0.188
9_19606812,2,0.44,0.188
9_19608189,2,0.44,0.175
9_19608331,2,0.44,0.175
9_19642521,2,0.427,0.163
9_19643197,2,0.427,0.163
9_19645127,0,0.187,0.425
9_19645127,2,0.36,0.087
9_19645717,2,0.44,0.163
9_19646679,0,0.213,0.463
9_19646679,2,0.347,0.087
9_19648134,2,0.44,0.175
9_19650442,2,0.44,0.175
9_19652101,2,0.36,0.1
9_19655407,0,0.267,0.562
9_19657218,2,0.333,0.1
9_19657530,0,0.267,0.588
9_19658381,0,0.173,0.4
9_19672680,2,0.387,0.087
9_26759986,2,0.387,0.1
9_75616538,0,0.2,0.5
9_75616539,0,0.16,0.425
9_75686606,0,0.68,0.338
9_75686606,1,0.227,0.487
9_87773455,0,0.2,0.487
9_87775121,0,0.2,0.487
9_87777367,0,0.187,0.487
9_87777491,0,0.187,0.487
9_87777537,0,0.2,0.487
9_87778100,0,0.2,0.487
9_87778458,0,0.2,0.487
9_87779044,0,0.2,0.487
9_87779445,0,0.187,0.487
9_87779718,0,0.2,0.487
9_87779903,0,0.2,0.487
9_87780126,0,0.173,0.45
9_87781536,0,0.2,0.487
9_87785994,0,0.187,0.487
9_87786723,0,0.2,0.487
9_87788052,0,0.2,0.487
9_87790295,0,0.2,0.5
9_87790580,0,0.2,0.5
9_87790673,0,0.2,0.5
9_87798925,0,0.2,0.5
9_87810610,2,0.267,0.537
9_115780065,2,0.213,0.463
9_115783925,0,0.32,0.113
9_115783925,2,0.187,0.4
9_119675443,2,0.573,0.275
9_136936281,0,0.36,0.075
9_136936488,0,0.36,0.075
9_136937244,0,0.36,0.075
9_136941910,0,0.333,0.1
9_136944238,0,0.333,0.087
9_136944238,2,0.187,0.375
9_136945452,0,0.333,0.1
9_136946019,0,0.333,0.087
9_136946019,2,0.187,0.375
10_6049185,0,0.213,0.487
10_13925828,0,0.387,0.163
10_13925828,2,0.16,0.338
10_18467013,0,0.293,0.613
10_20163833,2,0.107,0.338
10_20191864,2,0.107,0.375
10_20192333,2,0.107,0.375
10_20193165,2,0.107,0.375
10_20194016,2,0.107,0.375
10_20194323,2,0.107,0.375
10_20195444,2,0.107,0.375
10_20196848,2,0.107,0.375
10_20197351,2,0.107,0.375
10_20199265,2,0.107,0.375
10_20201153,2,0.107,0.375
10_20201505,2,0.107,0.375
10_20202082,2,0.107,0.375
10_20202318,2,0.107,0.375
10_20203093,2,0.107,0.375
10_20203901,2,0.107,0.375
10_20204450,2,0.107,0.375
10_20204576,2,0.107,0.375
10_20206015,2,0.107,0.375
10_20206473,2,0.107,0.375
10_20206513,2,0.107,0.375
10_20207873,2,0.107,0.388
10_23994263,0,0.267,0.55
10_26864410,0,0.12,0.325
10_26865753,0,0.12,0.325
10_26865938,0,0.12,0.325
10_26869202,0,0.12,0.325
10_26869330,2,0.12,0.325
10_26869520,2,0.12,0.325
10_26869644,2,0.12,0.325
10_46708724,2,0.147,0.325
10_58384447,0,0.427,0.188
10_58385319,0,0.493,0.225
10_58459800,2,0.373,0.113
10_89261888,2,0.12,0.375
10_90941633,2,0.413,0.2
10_90941829,2,0.413,0.2
10_90941837,2,0.413,0.2
10_90942016,2,0.413,0.2
10_90943029,2,0.44,0.212
10_90943725,2,0.44,0.212
10_90944760,2,0.44,0.212
10_90945111,2,0.44,0.212
10_90945152,2,0.44,0.212
10_90946119,2,0.44,0.212
10_90946287,2,0.44,0.212
10_90946348,2,0.44,0.212
10_90946734,2,0.44,0.212
10_90948864,2,0.44,0.212
10_90949023,2,0.44,0.212
10_90949044,2,0.44,0.212
10_90949380,2,0.44,0.212
10_90949392,2,0.44,0.212
10_90949646,2,0.44,0.212
10_90949735,2,0.44,0.212
10_90949940,2,0.44,0.212
10_90950034,2,0.44,0.212
10_90950406,2,0.44,0.212
10_90950756,2,0.44,0.212
10_90951299,2,0.44,0.212
10_90951539,2,0.44,0.212
10_90951621,2,0.44,0.212
10_90951842,2,0.44,0.212
10_90951866,2,0.44,0.212
10_90951925,2,0.44,0.212
10_90952785,2,0.44,0.212
10_90952953,2,0.44,0.212
10_90953138,2,0.44,0.212
10_90953272,2,0.44,0.212
10_90954545,2,0.44,0.212
10_90954567,2,0.44,0.212
10_90954576,2,0.44,0.212
10_90954696,2,0.44,0.212
10_90954883,2,0.44,0.212
10_90955100,2,0.44,0.212
10_90955130,2,0.44,0.212
10_90955200,2,0.44,0.212
10_90955311,2,0.44,0.212
10_90955662,2,0.44,0.212
10_90955791,2,0.44,0.212
10_90955906,2,0.44,0.212
10_90956027,2,0.44,0.212
10_90956094,2,0.44,0.212
10_90956112,2,0.44,0.212
10_90956340,2,0.44,0.212
10_90956541,2,0.44,0.212
10_90956775,2,0.44,0.2
10_90956776,2,0.44,0.2
10_90956821,2,0.44,0.2
10_90956834,2,0.44,0.212
10_90956862,2,0.44,0.212
10_90956972,2,0.44,0.212
10_90957695,2,0.44,0.212
10_90957938,2,0.44,0.212
10_90958206,2,0.44,0.212
10_90958470,2,0.44,0.212
10_90958529,2,0.44,0.212
10_90958557,2,0.44,0.212
10_90958711,2,0.44,0.212
10_90959582,2,0.44,0.212
10_90959781,2,0.44,0.212
10_90959816,2,0.44,0.212
10_90959970,2,0.44,0.212
10_90960403,2,0.44,0.212
10_90960883,2,0.44,0.212
10_90960933,2,0.44,0.212
10_90961105,2,0.44,0.212
10_90961169,2,0.44,0.212
10_90961246,2,0.44,0.212
10_90961385,2,0.44,0.212
10_90961500,2,0.44,0.212
10_90961577,2,0.44,0.212
10_90961722,2,0.44,0.212
10_90961900,2,0.44,0.212
10_90962409,2,0.44,0.212
10_90962655,2,0.44,0.212
10_90963170,2,0.44,0.212
10_90963563,2,0.44,0.212
10_90963649,2,0.44,0.212
10_90963738,2,0.44,0.212
10_90963962,2,0.44,0.212
10_90964107,2,0.44,0.212
10_90964280,2,0.44,0.212
10_90964419,2,0.44,0.212
10_90964528,2,0.44,0.212
10_90964689,2,0.44,0.212
10_90966297,2,0.44,0.212
10_90967624,2,0.44,0.212
10_90971175,2,0.52,0.25
10_90973193,2,0.52,0.25
10_90975716,2,0.52,0.25
10_90983493,2,0.52,0.25
10_90987596,0,0.12,0.312
10_90987596,2,0.48,0.237
10_105760543,0,0.307,0.625
10_106511733,2,0.427,0.188
10_106512468,2,0.427,0.188
10_106512490,2,0.413,0.175
10_106512917,2,0.427,0.188
10_106523254,2,0.427,0.188
10_106524131,0,0.427,0.188
10_107660493,0,0.427,0.212
10_107660513,0,0.427,0.212
10_107660850,0,0.373,0.125
10_107660850,2,0.08,0.325
10_107660882,0,0.547,0.237
10_107660884,0,0.547,0.237
10_107661086,0,0.387,0.125
10_107661086,2,0.08,0.338
10_107661373,0,0.427,0.212
10_107661409,0,0.387,0.125
10_107661409,2,0.08,0.338
10_107661479,0,0.387,0.125
10_107661479,2,0.08,0.338
10_107662089,0,0.387,0.125
10_107662089,2,0.08,0.338
10_107662930,0,0.413,0.163
10_107662930,2,0.08,0.3
10_107665519,0,0.387,0.125
10_107665519,2,0.08,0.338
10_107673726,2,0.227,0.475
10_107673999,2,0.227,0.475
10_107674031,2,0.227,0.463
10_107674108,2,0.227,0.463
10_107674110,0,0.413,0.175
10_107674110,2,0.08,0.3
10_107674138,0,0.413,0.175
10_107674138,2,0.08,0.3
10_107674288,0,0.427,0.175
10_107674288,2,0.067,0.3
10_107674825,2,0.227,0.475
10_107678009,0,0.413,0.188
10_107678009,2,0.08,0.312
10_107678234,0,0.413,0.188
10_107678234,2,0.08,0.312
10_107680488,0,0.227,0.475
10_107681316,0,0.227,0.475
10_107682100,0,0.227,0.475
10_107684503,0,0.08,0.362
10_107684503,2,0.387,0.15
10_107685998,0,0.227,0.487
10_107686371,0,0.227,0.487
10_107688721,0,0.227,0.475
10_128220504,0,0.213,0.438
10_128220504,2,0.373,0.175
10_128230958,2,0.373,0.175
10_132878606,2,0.067,0.3
10_132901794,2,0.093,0.3
11_11289672,0,0.333,0.675
11_11289672,1,0.533,0.25
11_75310457,2,0.2,0.45
11_75312049,2,0.2,0.45
11_75312924,2,0.2,0.438
11_95712541,0,0.387,0.15
11_95716942,0,0.387,0.15
11_95717550,0,0.387,0.15
11_95730481,0,0.387,0.138
11_95737462,0,0.387,0.175
11_95737462,2,0.2,0.4
11_112841413,2,0.307,0.125
11_118118069,2,0.2,0.5
11_118118531,2,0.2,0.5
11_118118839,2,0.2,0.5
11_118119120,2,0.2,0.5
11_118119229,2,0.2,0.5
11_118119274,2,0.2,0.5
11_118119275,2,0.2,0.5
11_118119688,2,0.2,0.5
11_118120618,2,0.2,0.5
11_118120688,2,0.2,0.5
11_118121905,2,0.2,0.5
11_118122707,2,0.2,0.5
11_118125404,2,0.2,0.5
11_118133973,2,0.2,0.512
11_118136242,2,0.2,0.5
11_118137497,2,0.2,0.5
11_118138564,2,0.2,0.487
11_118138959,0,0.387,0.163
11_118138959,2,0.173,0.438
11_120829438,0,0.333,0.125
11_128608023,0,0.267,0.575
11_128608240,0,0.267,0.575
11_128612536,0,0.267,0.575
12_4293522,0,0.307,0.125
12_4293522,2,0.227,0.487
12_4293651,0,0.307,0.15
12_4293651,2,0.227,0.487
12_4296520,0,0.173,0.487
12_4296520,2,0.307,0.138
12_7803937,1,0.173,0.362
12_7803948,1,0.173,0.362
12_8903203,0,0.173,0.388
12_8903203,2,0.36,0.138
12_9182636,1,0.187,0.463
12_9183822,1,0.187,0.463
12_27584458,0,0.133,0.35
12_27584550,0,0.133,0.35
12_27584852,0,0.133,0.35
12_27584937,0,0.133,0.35
12_39954153,0,0.253,0.575
12_39978218,2,0.307,0.138
12_39984845,0,0.453,0.225
12_39986961,2,0.307,0.138
12_42651211,0,0.213,0.438
12_43572803,0,0.187,0.463
12_117552170,2,0.12,0.388
12_117556905,2,0.147,0.463
12_129137693,0,0.32,0.688
12_129137693,1,0.613,0.3
12_132380166,0,0.427,0.188
12_132381246,0,0.467,0.175
12_132381262,0,0.467,0.188
12_132381296,1,0.133,0.375
12_132388461,0,0.413,0.175
12_132388461,2,0.12,0.325
12_132389885,0,0.413,0.175
12_132392051,0,0.413,0.188
12_132397379,2,0.08,0.325
13_29315744,0,0.6,0.287
13_40290194,0,0.373,0.15
13_40295091,0,0.387,0.163
13_69084384,0,0.28,0.637
13_69084384,1,0.587,0.287
13_69085408,0,0.28,0.637
13_69085408,1,0.587,0.287
13_69098654,2,0.307,0.138
13_69122223,0,0.36,0.725
13_69122223,1,0.547,0.225
13_69181615,0,0.173,0.487
13_71835929,0,0.24,0.5
13_76176785,0,0.187,0.388
13_79874399,0,0.307,0.637
13_79875234,0,0.307,0.637
13_88535971,2,0.253,0.512
13_88563614,1,0.52,0.25
13_88577938,0,0.307,0.1
13_88578616,1,0.573,0.237
13_88578616,2,0.32,0.713
13_88582230,2,0.213,0.537
13_100880094,0,0.173,0.425
13_109407680,0,0.227,0.5
13_109803879,2,0.547,0.263
13_111435289,2,0.333,0.087
13_112478148,2,0.493,0.237
13_112761631,0,0.507,0.225
13_112761646,0,0.36,0.125
13_112780454,2,0.187,0.425
13_112791908,2,0.213,0.438
13_112795080,2,0.213,0.438
13_112798378,2,0.213,0.438
13_112799696,2,0.213,0.438
14_42519616,2,0.587,0.287
14_42520337,2,0.587,0.287
14_50388539,2,0.147,0.438
14_50388562,2,0.147,0.438
14_50391485,2,0.133,0.388
14_50687093,0,0.16,0.35
14_50687093,2,0.333,0.1
14_51383617,0,0.627,0.237
14_51383617,1,0.28,0.6
14_51387808,0,0.587,0.225
14_51388628,0,0.587,0.225
14_51388835,0,0.573,0.225
14_51391192,2,0.52,0.2
14_58250206,2,0.173,0.438
14_76501364,2,0.16,0.325
14_76504336,0,0.427,0.138
14_79648090,2,0.16,0.35
14_82885621,0,0.32,0.138
14_82904058,0,0.32,0.138
14_82904686,0,0.32,0.138
14_97095807,2,0.067,0.3
14_97095844,2,0.067,0.3
14_97095937,2,0.067,0.3
14_97095990,2,0.067,0.3
14_97096019,2,0.067,0.3
14_97096241,2,0.067,0.3
14_97096335,2,0.067,0.3
14_97096789,2,0.067,0.3
14_99755598,0,0.293,0.6
15_23687320,0,0.32,0.087
15_23695254,0,0.32,0.087
15_23696531,0,0.32,0.087
15_23706451,2,0.333,0.15
15_23706459,2,0.4,0.175
15_23707591,0,0.133,0.312
15_23707591,2,0.4,0.175
15_23707696,0,0.133,0.312
15_23707696,2,0.4,0.175
15_23709102,0,0.133,0.312
15_23709102,2,0.387,0.163
15_27720644,0,0.613,0.275
15_28881843,2,0.333,0.1
15_28883939,2,0.333,0.075
15_28884947,2,0.333,0.1
15_28884977,2,0.333,0.1
15_28885078,2,0.333,0.1
15_28885987,2,0.347,0.087
15_28886491,0,0.2,0.4
15_28886491,2,0.333,0.087
15_28886822,0,0.2,0.4
15_28886822,2,0.333,0.087
15_28886962,2,0.333,0.087
15_28887454,0,0.2,0.4
15_28887454,2,0.333,0.087
15_28887561,2,0.333,0.087
15_28887737,0,0.2,0.4
15_28887737,2,0.333,0.087
15_28887753,0,0.2,0.4
15_28887753,2,0.333,0.087
15_28887830,0,0.2,0.4
15_28887830,2,0.333,0.087
15_28887858,0,0.2,0.4
15_28887858,2,0.333,0.087
15_28887868,0,0.2,0.4
15_28887868,2,0.333,0.087
15_28887882,0,0.2,0.4
15_28887882,2,0.333,0.087
15_28887887,0,0.2,0.4
15_28887887,2,0.333,0.087
15_28887927,0,0.2,0.4
15_28887927,2,0.333,0.087
15_28888149,0,0.2,0.4
15_28888149,2,0.333,0.087
15_28888334,0,0.2,0.4
15_28888334,2,0.333,0.087
15_28888574,0,0.2,0.4
15_28888574,2,0.333,0.087
15_28888920,0,0.2,0.4
15_28888920,2,0.333,0.087
15_28888993,0,0.2,0.4
15_28888993,2,0.333,0.075
15_28889601,0,0.2,0.4
15_28889601,2,0.333,0.075
15_28889698,2,0.333,0.075
15_28890260,2,0.333,0.075
15_28891173,0,0.2,0.4
15_28891173,2,0.333,0.075
15_28891225,2,0.347,0.075
15_28891475,0,0.2,0.4
15_28891475,2,0.333,0.075
15_28891634,0,0.2,0.4
15_28891634,2,0.333,0.075
15_28891971,0,0.2,0.4
15_28891971,2,0.333,0.075
15_28892073,0,0.2,0.4
15_28892073,2,0.333,0.075
15_28892235,0,0.2,0.4
15_28892235,2,0.333,0.075
15_28892276,0,0.2,0.4
15_28892276,2,0.333,0.075
15_28892337,2,0.347,0.075
15_51264762,2,0.48,0.237
15_51302734,0,0.4,0.163
15_51302775,0,0.413,0.163
15_56614612,0,0.12,0.3
15_56615657,0,0.52,0.237
15_56622156,0,0.12,0.3
15_56622406,0,0.12,0.3
15_56627230,0,0.12,0.3
15_56627479,0,0.12,0.3
15_56627896,0,0.52,0.237
15_56629736,0,0.12,0.3
15_56631338,0,0.12,0.3
15_56632673,0,0.12,0.3
15_56634136,0,0.12,0.3
15_56634395,0,0.52,0.237
15_56636040,0,0.12,0.3
15_56636637,0,0.52,0.237
15_56637691,0,0.12,0.3
15_56639568,0,0.12,0.3
15_56643962,0,0.12,0.3
15_56645672,0,0.12,0.3
15_56646231,0,0.12,0.3
15_56647650,0,0.12,0.3
15_56656329,0,0.533,0.263
15_56661542,0,0.533,0.25
15_56663881,0,0.533,0.237
15_56664058,0,0.533,0.25
15_56668428,2,0.533,0.25
15_56675923,0,0.533,0.237
15_56700646,2,0.56,0.25
15_56704791,0,0.533,0.225
15_56720599,2,0.533,0.225
15_56720618,2,0.533,0.225
15_56721100,2,0.533,0.225
15_56721219,2,0.533,0.225
15_56722380,2,0.533,0.225
15_56728664,2,0.52,0.225
15_56742831,2,0.547,0.225
15_56748029,0,0.547,0.237
15_56768332,0,0.547,0.225
15_56770420,0,0.56,0.263
15_56896924,0,0.507,0.2
15_56923669,2,0.467,0.225
15_57066799,2,0.467,0.212
15_57081038,2,0.467,0.212
15_57102412,2,0.467,0.212
15_57102418,2,0.467,0.225
15_57125273,2,0.427,0.212
15_57129157,0,0.467,0.225
15_57130354,0,0.467,0.225
15_57138044,0,0.467,0.225
15_57180877,2,0.453,0.212
15_57200162,0,0.107,0.3
15_57200162,2,0.453,0.212
15_57200495,0,0.453,0.225
15_57305082,0,0.44,0.163
15_57305082,2,0.147,0.312
15_57323968,2,0.427,0.175
15_66690938,1,0.227,0.463
15_67045488,0,0.36,0.175
15_67045488,2,0.16,0.388
15_67046442,0,0.36,0.175
15_67046442,2,0.16,0.388
15_67046576,0,0.36,0.175
15_67046576,2,0.16,0.388
15_67046717,0,0.16,0.388
15_67046717,2,0.36,0.175
15_67046847,0,0.16,0.388
15_67046847,2,0.36,0.175
15_67050927,0,0.347,0.163
15_67056385,2,0.333,0.15
15_67057477,2,0.333,0.15
15_67067400,2,0.32,0.15
15_67067545,2,0.32,0.15
15_67070945,2,0.32,0.138
15_67072574,2,0.307,0.138
15_67073284,2,0.307,0.138
15_67074150,2,0.307,0.138
15_67074495,2,0.307,0.138
15_67074846,2,0.307,0.138
15_67075296,2,0.307,0.138
15_67075368,2,0.307,0.138
15_67076321,2,0.307,0.138
15_67077783,2,0.32,0.138
15_73955127,0,0.08,0.325
15_73955130,0,0.08,0.325
15_73992065,2,0.467,0.212
15_73992464,2,0.467,0.212
15_88940740,2,0.6,0.3
15_93383982,2,0.2,0.412
15_100086049,0,0.307,0.625
15_100086055,0,0.307,0.625
16_6531107,0,0.12,0.35
16_6531107,2,0.493,0.212
16_6531765,0,0.12,0.3
16_6531765,2,0.493,0.237
16_6988747,0,0.12,0.325
16_6988747,2,0.36,0.15
16_10432828,2,0.333,0.113
16_23360856,1,0.493,0.2
16_49936052,0,0.44,0.175
16_49936052,2,0.147,0.312
16_49936193,0,0.44,0.175
16_49936193,2,0.147,0.312
16_49936403,0,0.44,0.175
16_49936403,2,0.147,0.312
16_49937895,0,0.467,0.2
16_49938696,0,0.467,0.2
16_60631754,0,0.36,0.138
16_60633135,0,0.36,0.138
16_60633363,0,0.36,0.138
16_60644064,2,0.2,0.4
16_60653083,2,0.2,0.4
16_60665205,2,0.2,0.4
16_60667857,2,0.2,0.4
16_60679530,2,0.2,0.4
16_60682101,2,0.2,0.4
16_60696378,2,0.2,0.4
16_60696638,2,0.2,0.4
16_60696886,2,0.2,0.4
16_60701916,2,0.2,0.4
16_60709930,2,0.2,0.4
16_73751305,2,0.68,0.325
16_73755255,2,0.387,0.188
16_81417506,0,0.52,0.237
16_81418271,0,0.533,0.175
16_81418796,0,0.493,0.175
16_81420119,0,0.493,0.188
16_81421405,0,0.44,0.175
16_81741193,0,0.2,0.45
16_81743293,0,0.24,0.537
16_81743313,0,0.24,0.55
16_81743338,0,0.24,0.537
16_83356971,2,0.36,0.163
16_83357032,2,0.36,0.163
16_83357170,2,0.36,0.163
16_83358576,2,0.107,0.375
16_83363339,0,0.493,0.237
16_83365467,2,0.36,0.175
16_83368937,0,0.387,0.188
16_83381998,2,0.187,0.463
16_89499705,2,0.227,0.463
16_89506257,2,0.2,0.463
16_89530149,1,0.56,0.275
17_1237037,2,0.2,0.425
17_1237254,2,0.2,0.425
17_1237346,2,0.2,0.425
17_1237353,2,0.2,0.425
17_1237580,2,0.2,0.425
17_1237738,2,0.2,0.425
17_1238621,2,0.2,0.425
17_1238658,2,0.2,0.425
17_1240263,2,0.2,0.425
17_11991671,0,0.347,0.713
17_11991671,1,0.56,0.25
17_11991672,0,0.347,0.713
17_11991672,1,0.56,0.25
17_11991673,0,0.347,0.713
17_11991673,1,0.56,0.25
17_11993636,0,0.347,0.713
17_11993636,1,0.56,0.25
17_11994390,1,0.56,0.25
17_11994390,2,0.347,0.713
17_11995513,0,0.347,0.713
17_11995513,1,0.56,0.25
17_12006907,1,0.56,0.25
17_12006907,2,0.347,0.713
17_12008445,0,0.347,0.713
17_12008445,1,0.56,0.25
17_12009667,0,0.347,0.713
17_12009667,1,0.56,0.25
17_12011397,0,0.347,0.738
17_12011397,1,0.56,0.225
17_12011476,0,0.347,0.725
17_12011476,1,0.56,0.237
17_12014746,0,0.347,0.725
17_12014746,1,0.56,0.237
17_12018627,0,0.347,0.725
17_12018627,1,0.56,0.237
17_12018921,0,0.347,0.725
17_12018921,1,0.56,0.237
17_12019587,1,0.56,0.237
17_12019587,2,0.347,0.725
17_12019847,0,0.347,0.725
17_12019847,1,0.56,0.237
17_12020250,0,0.347,0.725
17_12020250,1,0.56,0.237
17_12020803,0,0.347,0.725
17_12020803,1,0.56,0.237
17_12021154,0,0.347,0.725
17_12021154,1,0.56,0.237
17_12027467,0,0.36,0.725
17_12027467,1,0.547,0.237
17_12030336,0,0.36,0.725
17_12030336,1,0.547,0.237
17_12030657,1,0.547,0.237
17_12030657,2,0.36,0.725
17_12050190,1,0.56,0.237
17_12050190,2,0.347,0.725
17_12055354,0,0.36,0.725
17_12055354,1,0.547,0.237
17_12063312,1,0.547,0.237
17_12063312,2,0.36,0.725
17_12067234,0,0.36,0.725
17_12067234,1,0.547,0.237
17_12073963,0,0.36,0.725
17_12073963,1,0.547,0.237
17_12074635,1,0.547,0.237
17_12074635,2,0.36,0.725
17_12082187,0,0.36,0.725
17_12082187,1,0.547,0.237
17_12084594,0,0.36,0.725
17_12084594,1,0.547,0.237
17_12085599,0,0.36,0.725
17_12085599,1,0.547,0.237
17_12091455,0,0.36,0.725
17_12091455,1,0.547,0.25
17_12091799,0,0.36,0.725
17_12091799,1,0.547,0.237
17_12092034,0,0.36,0.725
17_12092034,1,0.547,0.237
17_12097315,1,0.56,0.237
17_12097315,2,0.36,0.725
17_18390703,0,0.133,0.35
17_18390703,2,0.387,0.163
17_29595257,2,0.493,0.225
17_32980986,0,0.227,0.463
17_32981522,2,0.333,0.138
17_32983567,2,0.333,0.138
17_32984858,2,0.333,0.138
17_32985509,2,0.333,0.138
17_32985586,2,0.333,0.138
17_32986447,2,0.333,0.138
17_32988194,2,0.333,0.138
17_32988999,2,0.333,0.138
17_45410602,0,0.387,0.175
17_45415050,2,0.387,0.175
17_45423011,2,0.387,0.175
17_45423471,2,0.387,0.175
17_45424233,2,0.387,0.175
17_45425917,2,0.387,0.175
17_45426581,2,0.387,0.175
17_45456956,2,0.387,0.175
17_62148091,0,0.413,0.188
17_62148190,0,0.413,0.188
18_4701343,0,0.253,0.588
18_4703046,0,0.24,0.575
18_4703052,0,0.24,0.575
18_4703077,0,0.24,0.575
18_4703141,0,0.24,0.575
18_4703632,0,0.24,0.575
18_4703911,0,0.24,0.575
18_4705431,0,0.24,0.575
18_4727073,0,0.24,0.562
18_4885514,0,0.24,0.5
18_4891961,0,0.253,0.512
18_4892107,0,0.253,0.512
18_4892300,0,0.253,0.512
18_4924522,0,0.307,0.125
18_4924534,0,0.307,0.125
18_6568766,0,0.24,0.5
18_10673830,2,0.173,0.375
18_10675940,2,0.16,0.375
18_10676567,0,0.373,0.125
18_10676567,2,0.133,0.325
18_30525010,2,0.587,0.287
18_38500031,0,0.213,0.45
18_38500834,0,0.213,0.438
18_38507055,0,0.173,0.4
18_38517334,0,0.213,0.438
18_38517689,0,0.213,0.438
18_38519011,0,0.213,0.438
18_38519536,0,0.213,0.438
18_38520116,0,0.213,0.438
18_38520340,0,0.213,0.438
18_38520809,0,0.2,0.425
18_38522114,0,0.213,0.438
18_38522842,0,0.213,0.438
18_38522912,0,0.213,0.438
18_39303773,2,0.413,0.2
18_39305111,2,0.413,0.2
18_39305843,2,0.413,0.2
18_39317283,2,0.413,0.2
18_45039223,2,0.307,0.075
18_52682592,2,0.227,0.475
18_52710861,0,0.32,0.138
18_55397260,0,0.347,0.163
18_55418181,0,0.347,0.163
18_58011079,0,0.12,0.4
18_58013586,0,0.187,0.45
18_60010062,1,0.493,0.225
18_60010621,1,0.467,0.225
18_62880934,0,0.4,0.163
18_62880934,2,0.16,0.325
18_63086592,2,0.4,0.138
18_63086953,2,0.4,0.15
18_63087518,2,0.4,0.138
18_63087832,2,0.373,0.075
18_63087912,2,0.4,0.15
18_63091053,1,0.24,0.5
18_63091583,2,0.413,0.15
18_63091863,2,0.413,0.15
18_63091923,1,0.4,0.2
18_63092064,1,0.4,0.2
18_63092580,1,0.4,0.2
18_63092760,2,0.413,0.15
18_63093226,1,0.4,0.2
18_63093579,1,0.4,0.2
18_63095336,2,0.413,0.15
18_63095879,2,0.413,0.15
18_63097470,2,0.413,0.15
18_63097781,2,0.413,0.15
18_63099700,2,0.413,0.15
18_63099722,2,0.413,0.15
18_63108606,1,0.44,0.2
18_79308353,2,0.32,0.113
18_79347530,2,0.173,0.375
18_79385436,0,0.213,0.475
19_14358920,0,0.253,0.562
19_14361943,0,0.12,0.325
19_14361943,2,0.4,0.175
19_18983417,0,0.253,0.512
19_30747450,0,0.4,0.188
19_30747450,2,0.12,0.325
19_30793899,0,0.36,0.175
19_30793899,2,0.16,0.412
19_30794740,0,0.36,0.175
19_30794740,2,0.16,0.412
19_30826165,2,0.267,0.537
19_30826486,2,0.093,0.3
19_30830399,2,0.093,0.3
19_30830658,2,0.093,0.3
19_30831272,0,0.307,0.125
19_30832183,0,0.307,0.138
19_30832183,2,0.24,0.487
19_30832365,0,0.307,0.125
19_30832455,0,0.307,0.125
19_30843673,2,0.093,0.3
19_30846661,0,0.507,0.225
19_30846990,0,0.507,0.225
19_30846994,0,0.507,0.225
19_42224090,0,0.32,0.675
19_44621900,1,0.227,0.475
19_50682094,1,0.387,0.163
20_367006,0,0.173,0.412
20_367006,2,0.36,0.113
20_2558741,2,0.493,0.237
20_5145823,0,0.213,0.438
20_13273840,0,0.587,0.287
20_14948571,0,0.613,0.25
20_44406020,0,0.187,0.475
20_45722782,0,0.533,0.263
20_45722876,0,0.52,0.237
20_45723351,0,0.52,0.25
20_45723406,0,0.52,0.25
20_45723418,0,0.52,0.25
20_45723436,0,0.52,0.25
20_45723668,0,0.52,0.25
20_45723705,0,0.52,0.25
20_45723981,0,0.52,0.25
20_45724101,0,0.52,0.25
20_45724371,0,0.52,0.25
20_45724853,0,0.52,0.25
20_45724958,0,0.52,0.25
20_45725448,0,0.52,0.25
20_45725733,0,0.52,0.25
20_45725899,0,0.52,0.25
20_45725914,0,0.52,0.25
20_45726541,0,0.52,0.25
20_45726573,0,0.52,0.25
20_45726581,0,0.52,0.25
20_45727033,0,0.52,0.25
20_45727412,0,0.52,0.25
20_45727555,0,0.52,0.25
20_45727641,0,0.52,0.25
20_45727644,0,0.52,0.25
20_45727664,0,0.52,0.25
20_45727918,0,0.52,0.25
20_45727934,0,0.52,0.25
20_45728385,0,0.52,0.25
20_45728454,0,0.52,0.25
20_45728521,0,0.52,0.25
20_45730330,0,0.52,0.25
20_45730400,0,0.52,0.25
20_45730665,0,0.52,0.25
20_45730996,2,0.52,0.25
20_45731096,2,0.52,0.25
20_45731208,2,0.52,0.25
20_45731314,2,0.52,0.25
20_45731593,2,0.52,0.25
20_45732437,2,0.52,0.25
20_45732659,2,0.52,0.25
20_45732783,2,0.507,0.25
20_45732852,2,0.52,0.25
20_45733742,2,0.52,0.25
20_45734110,2,0.52,0.25
20_45734187,2,0.52,0.25
20_45734335,2,0.52,0.25
20_45734550,2,0.52,0.25
20_45734562,2,0.52,0.25
20_45734629,2,0.52,0.25
20_45734739,2,0.52,0.25
20_45734802,2,0.52,0.25
20_45735381,2,0.52,0.25
20_45735497,2,0.52,0.25
20_45735808,2,0.52,0.25
20_45735956,2,0.52,0.25
20_45735963,2,0.52,0.25
20_45735975,2,0.52,0.25
20_45735987,2,0.52,0.25
20_45736111,2,0.52,0.25
20_45736134,2,0.52,0.25
20_45736274,2,0.52,0.25
20_45736350,2,0.52,0.25
20_45736378,2,0.52,0.25
20_45736598,2,0.52,0.25
20_45736845,2,0.52,0.25
20_45736987,2,0.52,0.25
20_45737068,2,0.52,0.25
20_45737134,2,0.52,0.25
20_45737188,2,0.52,0.25
20_45737316,2,0.52,0.25
20_45737317,2,0.52,0.25
20_45737594,2,0.52,0.25
20_45737719,2,0.52,0.25
20_45737755,2,0.52,0.25
20_45737764,2,0.52,0.25
20_45737824,2,0.52,0.25
20_45737861,2,0.52,0.25
20_45738060,2,0.52,0.25
20_45738094,2,0.52,0.25
20_45738191,2,0.52,0.25
20_45738386,2,0.52,0.25
20_45738545,2,0.52,0.25
20_45738746,2,0.52,0.25
20_45738868,2,0.52,0.25
20_45739295,2,0.52,0.25
20_45739328,2,0.507,0.237
20_45739334,2,0.547,0.25
20_45739686,2,0.52,0.25
20_45739893,2,0.52,0.25
20_45740737,2,0.52,0.25
20_45740952,2,0.52,0.25
20_45742290,2,0.52,0.25
20_45742807,2,0.52,0.25
20_45743190,2,0.52,0.25
20_45743266,2,0.52,0.25
20_45743283,2,0.52,0.25
20_45743366,2,0.52,0.25
20_45744709,2,0.52,0.25
20_45744820,2,0.52,0.25
20_45744855,2,0.52,0.25
20_45745254,2,0.52,0.25
20_45746108,2,0.52,0.25
20_45746505,2,0.52,0.25
20_45746975,2,0.52,0.25
20_45746976,2,0.52,0.25
20_45748237,2,0.52,0.25
20_45748257,2,0.52,0.25
20_45748400,2,0.52,0.25
20_45749129,2,0.52,0.25
20_45749254,2,0.52,0.25
20_45749420,2,0.52,0.25
20_45749572,2,0.52,0.25
20_45749710,2,0.52,0.25
20_45749938,2,0.52,0.25
20_45750537,2,0.52,0.25
21_17403899,0,0.173,0.537
21_21814935,0,0.387,0.087
21_27011005,2,0.333,0.1
21_38316185,2,0.467,0.188
21_38316397,2,0.467,0.188
21_38317214,2,0.467,0.188
21_38317768,2,0.467,0.175
21_38318297,2,0.467,0.175
21_38318741,2,0.467,0.175
22_10664938,2,0.147,0.35
22_10666484,2,0.147,0.35
22_10671380,2,0.147,0.325
22_10673731,2,0.147,0.325
22_37569431,2,0.453,0.212
22_37569682,2,0.453,0.212
22_37569873,2,0.44,0.212
22_37570053,2,0.44,0.212
22_37574182,2,0.44,0.212
22_37574291,2,0.453,0.212
22_37574419,2,0.453,0.212
22_37574455,2,0.453,0.212
22_37574801,2,0.453,0.212
22_37574859,2,0.467,0.212
22_37574926,2,0.453,0.212
22_37574952,2,0.453,0.212
22_37574978,2,0.453,0.212
22_37575041,2,0.453,0.212
22_37575165,2,0.453,0.212
22_37575172,2,0.453,0.212
22_37575242,2,0.453,0.212
22_37576621,2,0.453,0.212
22_48172756,2,0.333,0.138
