position,Value,GBR,TSI
1_7174729,0,0.253,0.554
1_7178603,0,0.253,0.566
1_7181463,0,0.267,0.578
1_7183867,0,0.267,0.578
1_7184823,0,0.28,0.602
1_7184959,0,0.267,0.578
1_7318120,0,0.2,0.482
1_15237518,0,0.467,0.217
1_15237518,2,0.147,0.301
1_15242975,0,0.613,0.301
1_21601314,0,0.507,0.193
1_21625531,2,0.387,0.133
1_29393078,0,0.307,0.675
1_29399692,0,0.32,0.651
1_29401475,0,0.32,0.651
1_29401480,0,0.32,0.651
1_29401669,0,0.32,0.651
1_29403050,0,0.32,0.651
1_29403591,0,0.32,0.651
1_29404705,0,0.32,0.651
1_29725733,2,0.373,0.795
1_37317301,0,0.147,0.337
1_37317301,2,0.44,0.205
1_54005516,2,0.453,0.181
1_56411837,0,0.373,0.157
1_57191082,2,0.147,0.398
1_57197337,0,0.307,0.145
1_57197337,2,0.133,0.373
1_57197417,0,0.307,0.145
1_57197417,2,0.133,0.373
1_57197463,0,0.307,0.145
1_57197463,2,0.133,0.373
1_57197467,0,0.307,0.145
1_57197467,2,0.133,0.373
1_57198740,0,0.307,0.108
1_57198740,2,0.133,0.398
1_57199110,2,0.147,0.41
1_57199917,0,0.307,0.108
1_57199917,2,0.133,0.398
1_57200208,0,0.307,0.108
1_57200208,2,0.133,0.398
1_57201558,2,0.147,0.41
1_57202329,0,0.307,0.108
1_57202329,2,0.133,0.398
1_61778711,0,0.28,0.566
1_61779952,1,0.493,0.229
1_66758852,0,0.36,0.723
1_75388518,0,0.173,0.458
1_75392814,0,0.173,0.458
1_75392961,0,0.173,0.458
1_75393107,0,0.173,0.458
1_76730347,0,0.16,0.373
1_76730347,2,0.373,0.133
1_76730874,2,0.507,0.229
1_76730909,2,0.507,0.229
1_76731100,0,0.16,0.373
1_76731100,2,0.387,0.133
1_76731269,0,0.16,0.373
1_76731269,2,0.387,0.133
1_76731981,2,0.507,0.229
1_76737248,0,0.173,0.386
1_76737248,2,0.387,0.133
1_76738157,0,0.187,0.446
1_76738157,2,0.32,0.12
1_76740942,0,0.32,0.12
1_76740942,2,0.187,0.446
1_79642023,0,0.213,0.434
1_80744221,1,0.427,0.205
1_81657800,0,0.2,0.41
1_81662557,0,0.2,0.41
1_81666613,0,0.2,0.422
1_82651168,2,0.507,0.229
1_82655139,0,0.173,0.446
1_82655139,2,0.32,0.145
1_82663896,0,0.067,0.373
1_82710486,0,0.56,0.265
1_82715870,2,0.56,0.265
1_82725395,0,0.56,0.265
1_82728048,2,0.56,0.265
1_82728087,2,0.56,0.265
1_82748220,2,0.56,0.265
1_82757630,2,0.56,0.265
1_82757801,2,0.56,0.265
1_82766286,2,0.56,0.265
1_84818036,0,0.533,0.229
1_94132487,2,0.507,0.253
1_94135192,0,0.507,0.253
1_94135680,0,0.507,0.253
1_94137237,0,0.52,0.253
1_110251247,0,0.293,0.59
1_111231633,2,0.613,0.301
1_111235846,0,0.653,0.325
1_111236202,2,0.613,0.301
1_111236317,0,0.653,0.325
1_111236520,0,0.653,0.325
1_111236930,0,0.653,0.325
1_111250388,0,0.653,0.325
1_111252828,0,0.653,0.325
1_119737650,0,0.36,0.133
1_119737650,2,0.133,0.361
1_119739719,0,0.387,0.145
1_119739719,2,0.133,0.337
1_119742365,0,0.373,0.133
1_119742365,2,0.147,0.337
1_119746994,0,0.373,0.133
1_119746994,2,0.133,0.361
1_119749656,0,0.373,0.12
1_119749656,2,0.133,0.361
1_119750110,0,0.36,0.108
1_119750110,2,0.133,0.373
1_119754632,0,0.36,0.108
1_119754632,2,0.133,0.373
1_119754828,0,0.36,0.108
1_119754828,2,0.133,0.373
1_119756399,0,0.36,0.108
1_119756399,2,0.133,0.373
1_119766535,0,0.373,0.145
1_119766535,2,0.133,0.349
1_153377404,1,0.4,0.096
1_158083176,0,0.16,0.349
1_161340229,0,0.533,0.229
1_161511246,1,0.467,0.193
1_165407262,0,0.213,0.47
1_167533361,0,0.307,0.108
1_167533361,2,0.173,0.482
1_167565033,2,0.333,0.12
1_176741325,2,0.133,0.325
1_177310276,2,0.373,0.157
1_177352250,0,0.24,0.542
1_177352257,0,0.24,0.542
1_184903094,2,0.32,0.096
1_184904810,2,0.32,0.096
1_184909174,2,0.32,0.096
1_184911787,2,0.32,0.096
1_184915457,2,0.32,0.096
1_184916095,2,0.32,0.096
1_202858423,0,0.307,0.072
1_202861032,0,0.307,0.072
1_202863957,0,0.307,0.072
1_202864676,0,0.307,0.072
1_202865025,0,0.307,0.072
1_202866940,0,0.307,0.072
1_202867352,0,0.307,0.072
1_202867532,0,0.307,0.072
1_202868924,0,0.307,0.072
1_202868932,0,0.32,0.072
1_202869139,0,0.307,0.072
1_202869812,0,0.307,0.072
1_202870062,0,0.307,0.072
1_202870530,0,0.413,0.145
1_202870530,2,0.133,0.325
1_202870533,0,0.413,0.145
1_202870533,2,0.133,0.325
1_206464055,0,0.173,0.446
1_206464055,2,0.307,0.145
1_225245749,0,0.12,0.325
1_226905161,1,0.52,0.229
1_226933398,0,0.173,0.446
1_226933398,2,0.307,0.12
1_226933697,0,0.173,0.446
1_226933697,2,0.307,0.12
1_226936263,0,0.173,0.446
1_226936263,2,0.307,0.12
1_226938296,0,0.227,0.518
1_232355540,2,0.32,0.108
1_232355569,2,0.32,0.108
1_234212236,2,0.44,0.145
1_242185300,2,0.133,0.313
1_242186500,2,0.133,0.313
2_14499792,2,0.173,0.482
2_14994585,0,0.427,0.193
2_15007969,0,0.413,0.205
2_15007969,2,0.107,0.301
2_16159440,0,0.293,0.639
2_17304630,0,0.32,0.157
2_17304630,2,0.16,0.41
2_17305912,0,0.32,0.157
2_17305912,2,0.16,0.41
2_17306130,2,0.16,0.41
2_17316488,0,0.32,0.157
2_17316488,2,0.16,0.41
2_30412714,0,0.133,0.398
2_30412714,2,0.32,0.145
2_31018260,0,0.467,0.217
2_33431709,0,0.6,0.277
2_53579502,2,0.213,0.482
2_57030508,2,0.12,0.325
2_57030885,2,0.12,0.325
2_57032020,2,0.12,0.325
2_57032448,2,0.12,0.325
2_57032452,2,0.12,0.325
2_57032615,2,0.12,0.325
2_57032856,2,0.12,0.325
2_57032876,0,0.413,0.205
2_57032876,2,0.12,0.325
2_57033400,0,0.413,0.205
2_57033400,2,0.12,0.325
2_57035540,2,0.12,0.337
2_57043707,2,0.12,0.337
2_57045395,2,0.12,0.325
2_57045658,2,0.12,0.337
2_57047619,0,0.44,0.217
2_57047997,2,0.12,0.337
2_57048364,2,0.12,0.337
2_57049675,2,0.12,0.337
2_57053564,0,0.453,0.217
2_57054638,0,0.453,0.217
2_57066787,0,0.387,0.157
2_57066787,2,0.12,0.361
2_57071163,2,0.12,0.337
2_57106850,2,0.133,0.337
2_57200818,0,0.373,0.169
2_57200818,2,0.133,0.349
2_59251853,2,0.293,0.614
2_86210310,0,0.587,0.289
2_102251899,2,0.413,0.205
2_105631438,0,0.72,0.337
2_117744039,0,0.373,0.096
2_117746423,0,0.373,0.096
2_117746423,2,0.173,0.349
2_131683519,0,0.52,0.217
2_131683597,0,0.52,0.217
2_133500153,0,0.227,0.494
2_134442530,2,0.28,0.602
2_134443602,2,0.2,0.482
2_134523662,0,0.76,0.373
2_134523662,1,0.2,0.554
2_134841343,1,0.24,0.482
2_134843355,1,0.24,0.482
2_134843954,1,0.24,0.482
2_134846227,1,0.24,0.482
2_134847444,1,0.253,0.518
2_134858630,1,0.24,0.494
2_134872928,1,0.24,0.482
2_134886252,0,0.773,0.373
2_134891493,1,0.24,0.482
2_134908533,1,0.24,0.482
2_134918197,1,0.24,0.482
2_134921318,1,0.24,0.482
2_134934155,1,0.24,0.482
2_135017560,1,0.427,0.084
2_135894523,1,0.16,0.446
2_137508309,0,0.36,0.145
2_137508309,2,0.16,0.386
2_137508965,0,0.36,0.145
2_137508965,2,0.16,0.386
2_137509001,0,0.36,0.145
2_137509001,2,0.16,0.386
2_137510860,0,0.36,0.145
2_137510860,2,0.16,0.386
2_142855167,0,0.253,0.542
2_142856629,0,0.253,0.542
2_142856789,0,0.253,0.542
2_142857657,0,0.253,0.542
2_142858060,0,0.253,0.542
2_142859672,0,0.253,0.542
2_142861853,0,0.253,0.542
2_142863122,0,0.253,0.542
2_142868353,0,0.253,0.542
2_142869492,0,0.28,0.566
2_142887699,0,0.267,0.554
2_142895249,0,0.267,0.554
2_160045006,2,0.48,0.217
2_162882462,1,0.16,0.494
2_162901463,1,0.16,0.494
2_162908905,1,0.147,0.494
2_167663423,0,0.147,0.398
2_167663423,2,0.333,0.145
2_167665740,0,0.147,0.373
2_167665740,2,0.347,0.169
2_167665913,2,0.12,0.361
2_167665931,2,0.12,0.361
2_167666255,0,0.147,0.373
2_167666255,2,0.347,0.169
2_167667065,2,0.12,0.349
2_167667097,2,0.12,0.349
2_167667688,2,0.107,0.313
2_167668719,0,0.4,0.181
2_167668719,2,0.107,0.313
2_167669541,2,0.12,0.349
2_167675306,0,0.147,0.386
2_167675306,2,0.373,0.157
2_167676504,0,0.147,0.361
2_167676504,2,0.36,0.169
2_167703997,2,0.253,0.53
2_167739935,0,0.107,0.361
2_174235875,0,0.387,0.157
2_174236959,0,0.387,0.157
2_174240889,0,0.387,0.157
2_174243088,0,0.4,0.157
2_174243391,0,0.387,0.133
2_174244629,0,0.4,0.133
2_174244783,0,0.387,0.133
2_174248784,2,0.12,0.301
2_174249293,2,0.12,0.301
2_174252209,2,0.12,0.301
2_174253418,2,0.12,0.301
2_174253582,2,0.12,0.301
2_174253647,2,0.12,0.301
2_174254624,2,0.12,0.313
2_174254806,2,0.12,0.313
2_174255275,2,0.12,0.313
2_174255471,2,0.12,0.301
2_174354517,2,0.587,0.277
2_174374457,2,0.507,0.229
2_174375189,2,0.507,0.229
2_174375564,2,0.507,0.229
2_174403606,0,0.68,0.337
2_175863715,0,0.533,0.241
2_175867994,0,0.533,0.241
2_175869182,0,0.533,0.241
2_187783811,0,0.173,0.458
2_187783812,0,0.173,0.458
2_187786452,0,0.173,0.458
2_215907519,0,0.293,0.602
2_215909020,0,0.293,0.602
2_215909079,0,0.293,0.602
2_215909115,0,0.293,0.602
2_215913464,1,0.44,0.193
2_215926115,0,0.2,0.446
2_225588844,0,0.267,0.542
2_225591745,2,0.227,0.506
2_225593504,2,0.227,0.494
2_225595624,0,0.267,0.542
2_225596365,2,0.227,0.506
2_225598534,2,0.227,0.506
2_225598690,0,0.267,0.542
2_225598733,0,0.267,0.542
2_225598748,0,0.267,0.542
2_225599782,2,0.227,0.506
2_225603447,2,0.227,0.506
2_225606480,2,0.227,0.506
2_225609091,2,0.227,0.506
2_225611959,2,0.227,0.506
2_225616021,2,0.227,0.506
2_225616429,2,0.227,0.506
2_225619117,2,0.227,0.506
2_225620548,2,0.227,0.506
2_225621892,2,0.24,0.53
2_225623117,2,0.24,0.53
2_225627899,2,0.24,0.53
2_225636420,2,0.24,0.53
2_225651713,2,0.24,0.53
2_225652323,2,0.24,0.53
2_225654448,2,0.24,0.53
2_226685375,0,0.547,0.265
2_226690818,0,0.413,0.157
2_226691666,0,0.413,0.157
2_226691667,0,0.413,0.157
2_229656537,2,0.427,0.205
2_229656584,2,0.427,0.205
2_229657075,2,0.427,0.205
2_229657147,2,0.427,0.205
2_229657192,2,0.427,0.205
2_229657319,2,0.427,0.205
2_229657682,2,0.427,0.205
2_234465552,0,0.613,0.277
2_234466100,0,0.613,0.289
2_234466711,0,0.613,0.289
2_234472578,0,0.533,0.241
2_234473182,0,0.533,0.241
2_234475820,2,0.12,0.301
2_234476148,2,0.12,0.313
2_234476836,2,0.12,0.313
2_234478006,0,0.52,0.241
2_234478006,2,0.107,0.301
2_234480106,0,0.52,0.241
2_234485150,0,0.52,0.241
2_234485150,2,0.107,0.301
2_237301406,0,0.547,0.265
2_239816188,0,0.413,0.193
3_1459143,2,0.213,0.482
3_1459281,2,0.213,0.482
3_1459818,2,0.213,0.482
3_1460030,0,0.467,0.205
3_1460030,2,0.133,0.361
3_1460095,2,0.213,0.458
3_1460120,2,0.213,0.458
3_1460136,2,0.213,0.458
3_1460386,2,0.2,0.482
3_1460492,2,0.213,0.482
3_1461367,2,0.213,0.482
3_1461433,2,0.213,0.482
3_1462187,2,0.213,0.482
3_1462196,2,0.213,0.482
3_1462245,2,0.213,0.482
3_1462261,2,0.213,0.482
3_1462448,2,0.213,0.482
3_1462704,2,0.213,0.482
3_1463788,2,0.213,0.482
3_1463952,2,0.213,0.47
3_1463998,2,0.213,0.47
3_1464068,2,0.213,0.482
3_1465007,2,0.213,0.518
3_1465057,2,0.213,0.482
3_1465262,2,0.213,0.458
3_1465704,2,0.227,0.494
3_1465770,0,0.227,0.494
3_1466165,0,0.227,0.494
3_1466292,0,0.227,0.506
3_1466557,0,0.2,0.422
3_1466679,0,0.227,0.506
3_1467027,0,0.227,0.506
3_1467436,0,0.227,0.506
3_1467637,0,0.227,0.506
3_1468235,0,0.227,0.506
3_1470136,0,0.227,0.506
3_1470598,0,0.227,0.506
3_1471553,0,0.227,0.506
3_1471620,0,0.227,0.506
3_1471904,0,0.227,0.506
3_1472112,0,0.227,0.506
3_1472135,0,0.213,0.47
3_1472158,0,0.227,0.506
3_1472181,0,0.227,0.518
3_1472238,0,0.227,0.506
3_1472760,0,0.227,0.506
3_1472858,0,0.227,0.506
3_1472996,0,0.227,0.506
3_1473410,0,0.227,0.506
3_1473513,0,0.227,0.506
3_1473567,0,0.227,0.47
3_1473583,0,0.24,0.554
3_1473778,0,0.227,0.518
3_1474108,0,0.227,0.506
3_1474304,0,0.227,0.506
3_1474404,0,0.227,0.506
3_1474737,0,0.227,0.506
3_1474868,0,0.227,0.506
3_1475099,0,0.227,0.506
3_1475168,0,0.227,0.506
3_1475466,0,0.227,0.506
3_1475532,0,0.227,0.506
3_1476025,0,0.227,0.506
3_1476138,0,0.227,0.518
3_1477135,0,0.227,0.506
3_1477227,0,0.227,0.506
3_1477260,0,0.227,0.506
3_1477342,0,0.213,0.506
3_1481118,0,0.213,0.506
3_1481718,0,0.227,0.506
3_1483366,0,0.227,0.506
3_1483538,0,0.227,0.518
3_1483827,0,0.467,0.193
3_1485953,0,0.293,0.639
3_1485955,0,0.307,0.687
3_4768918,0,0.613,0.265
3_5128660,2,0.6,0.265
3_8284746,0,0.413,0.157
3_11914707,0,0.413,0.157
3_11914707,2,0.173,0.41
3_16127773,2,0.227,0.458
3_20077030,0,0.24,0.518
3_24808403,2,0.16,0.386
3_24809971,0,0.347,0.169
3_24809971,2,0.147,0.386
3_24812386,0,0.347,0.169
3_24812386,2,0.147,0.386
3_30467112,0,0.24,0.53
3_31741834,0,0.547,0.241
3_31749131,2,0.44,0.193
3_31750076,2,0.44,0.205
3_31750762,2,0.427,0.193
3_31752379,2,0.333,0.096
3_31753497,2,0.333,0.096
3_31754030,2,0.333,0.096
3_31754078,2,0.333,0.096
3_31754100,2,0.333,0.096
3_31754215,2,0.333,0.096
3_31754318,2,0.333,0.096
3_31755435,2,0.32,0.072
3_45584211,0,0.293,0.602
3_56400716,2,0.413,0.193
3_65610910,2,0.347,0.12
3_71986343,2,0.107,0.337
3_72462208,2,0.213,0.482
3_75544902,0,0.133,0.325
3_75544902,2,0.4,0.181
3_75569146,0,0.133,0.325
3_75569146,2,0.4,0.181
3_82631245,1,0.24,0.651
3_82631456,1,0.24,0.651
3_82766979,2,0.507,0.229
3_82767059,2,0.507,0.229
3_82770928,2,0.507,0.229
3_82772520,0,0.507,0.229
3_82773426,0,0.507,0.229
3_82773969,0,0.507,0.229
3_82774410,0,0.507,0.229
3_82781174,0,0.52,0.241
3_82783746,0,0.52,0.241
3_82784213,0,0.52,0.241
3_82789649,0,0.52,0.241
3_82790576,0,0.52,0.241
3_82792846,0,0.52,0.241
3_82794446,0,0.547,0.265
3_82795461,0,0.52,0.241
3_82798209,0,0.52,0.241
3_82799836,0,0.547,0.265
3_82800945,0,0.52,0.241
3_82805234,0,0.52,0.241
3_82807547,0,0.52,0.241
3_82808078,0,0.52,0.241
3_82808214,0,0.52,0.241
3_82811874,0,0.52,0.241
3_82813247,0,0.52,0.241
3_82816782,0,0.52,0.241
3_82817013,0,0.52,0.241
3_82818616,0,0.52,0.241
3_82826236,0,0.52,0.241
3_82828487,0,0.453,0.205
3_82833006,1,0.28,0.566
3_82834399,0,0.453,0.205
3_82839762,0,0.453,0.205
3_82840547,1,0.28,0.566
3_82846959,1,0.28,0.566
3_82849493,0,0.453,0.205
3_82852735,1,0.28,0.566
3_82852850,1,0.28,0.566
3_82854703,0,0.453,0.205
3_82857779,0,0.453,0.205
3_82868440,0,0.453,0.205
3_82868462,0,0.453,0.205
3_82869796,0,0.453,0.205
3_82869985,0,0.453,0.205
3_82876248,1,0.28,0.578
3_82876496,0,0.453,0.205
3_82877941,0,0.453,0.205
3_82880368,0,0.453,0.205
3_82883841,0,0.453,0.205
3_82886368,0,0.453,0.205
3_82889325,1,0.28,0.578
3_82901609,1,0.28,0.59
3_82918438,1,0.28,0.578
3_82927584,1,0.28,0.566
3_82928169,1,0.28,0.566
3_82928285,1,0.28,0.566
3_82928486,1,0.28,0.566
3_82928648,1,0.28,0.566
3_82928820,1,0.28,0.566
3_82930617,1,0.28,0.566
3_123061317,0,0.227,0.494
3_126274823,2,0.2,0.47
3_127708086,0,0.453,0.169
3_127708086,2,0.12,0.313
3_127708611,0,0.453,0.169
3_127708611,2,0.12,0.313
3_127708749,0,0.453,0.205
3_127709067,0,0.453,0.205
3_127710898,0,0.453,0.205
3_127711082,0,0.453,0.205
3_127712053,0,0.453,0.205
3_127712558,0,0.453,0.205
3_135173644,0,0.147,0.349
3_135173644,2,0.413,0.205
3_137889498,1,0.2,0.518
3_137905810,1,0.227,0.542
3_148073488,2,0.093,0.325
3_150464233,2,0.147,0.373
3_155185006,2,0.2,0.422
3_169950421,0,0.253,0.518
3_170004987,2,0.213,0.566
3_170209319,0,0.52,0.253
3_170212161,0,0.347,0.157
3_170212161,2,0.12,0.337
3_170217713,2,0.107,0.349
3_181357522,1,0.467,0.217
3_182730490,0,0.347,0.096
3_186995519,0,0.347,0.145
3_186995519,2,0.173,0.386
3_187037169,0,0.747,0.349
3_187037169,1,0.213,0.506
3_187039295,0,0.747,0.349
3_187039295,1,0.213,0.506
3_187045863,1,0.213,0.494
3_189326714,2,0.467,0.193
4_7465173,0,0.547,0.265
4_7465253,0,0.547,0.265
4_7465814,0,0.547,0.265
4_7466406,0,0.547,0.265
4_12912904,0,0.36,0.133
4_12913044,0,0.36,0.133
4_12913085,0,0.36,0.133
4_12913267,0,0.36,0.133
4_12913322,0,0.36,0.133
4_12913426,0,0.36,0.133
4_12913756,0,0.36,0.133
4_12913995,0,0.36,0.133
4_12914004,0,0.36,0.133
4_12914299,0,0.36,0.133
4_12914777,0,0.36,0.133
4_32591247,0,0.533,0.193
4_42267275,2,0.24,0.506
4_42267463,2,0.24,0.506
4_42267557,2,0.24,0.506
4_42269459,2,0.227,0.494
4_47805148,0,0.107,0.325
4_47805148,2,0.373,0.169
4_48979641,1,0.56,0.253
4_48979641,2,0.347,0.711
4_48979998,1,0.547,0.265
4_48980342,1,0.56,0.253
4_48980342,2,0.347,0.711
4_48980661,1,0.56,0.253
4_48980661,2,0.347,0.711
4_48980728,1,0.56,0.253
4_48980728,2,0.347,0.711
4_48981030,1,0.56,0.253
4_48981030,2,0.347,0.711
4_48982840,1,0.56,0.253
4_48982840,2,0.347,0.711
4_48984049,1,0.56,0.253
4_48984049,2,0.347,0.711
4_48984386,1,0.56,0.253
4_48984386,2,0.347,0.711
4_48986688,1,0.56,0.253
4_48986688,2,0.347,0.711
4_48987244,1,0.56,0.253
4_48987244,2,0.347,0.711
4_48987341,1,0.56,0.253
4_48987341,2,0.347,0.711
4_48988868,1,0.467,0.205
4_48988994,1,0.56,0.253
4_48988994,2,0.347,0.711
4_48989165,1,0.56,0.253
4_48989165,2,0.347,0.711
4_48989523,1,0.56,0.253
4_48989523,2,0.347,0.711
4_48989820,1,0.56,0.253
4_48989820,2,0.347,0.711
4_48990239,1,0.56,0.253
4_48990239,2,0.347,0.711
4_48990731,1,0.56,0.253
4_48990731,2,0.347,0.711
4_48990744,1,0.56,0.253
4_48990744,2,0.347,0.711
4_48992121,1,0.56,0.253
4_48992121,2,0.347,0.711
4_49622699,2,0.44,0.193
4_65354949,0,0.093,0.301
4_77132796,0,0.547,0.241
4_77134981,0,0.413,0.12
4_77134981,2,0.16,0.325
4_77135155,0,0.413,0.12
4_77135155,2,0.16,0.337
4_77138620,0,0.467,0.229
4_77146421,0,0.427,0.169
4_77146421,2,0.133,0.313
4_77150266,0,0.427,0.169
4_77150266,2,0.133,0.313
4_77154681,0,0.427,0.169
4_77154681,2,0.133,0.313
4_77169402,0,0.427,0.169
4_77169402,2,0.133,0.301
4_89185462,1,0.44,0.181
4_105728684,1,0.24,0.482
4_106001403,0,0.453,0.145
4_106001803,0,0.453,0.145
4_106012563,0,0.44,0.12
4_116561506,2,0.307,0.627
4_116562934,2,0.307,0.627
4_116563093,2,0.307,0.627
4_116563279,2,0.307,0.627
4_116563893,2,0.307,0.627
4_116563894,2,0.307,0.627
4_116565502,2,0.307,0.627
4_116567598,2,0.307,0.627
4_116570472,2,0.307,0.627
4_116571163,2,0.307,0.627
4_116572154,2,0.307,0.627
4_116573353,2,0.307,0.627
4_116573685,2,0.307,0.627
4_116573704,2,0.307,0.627
4_116574252,2,0.307,0.627
4_116576246,2,0.307,0.627
4_116613988,0,0.16,0.446
4_116614069,0,0.16,0.446
4_116615440,0,0.16,0.422
4_121595845,0,0.133,0.325
4_135743402,0,0.28,0.578
4_135765250,2,0.2,0.494
4_135774178,2,0.2,0.494
4_135782606,2,0.2,0.494
4_139003041,0,0.467,0.217
4_140965121,0,0.213,0.458
4_140967297,0,0.213,0.446
4_140969625,0,0.213,0.446
4_140976074,0,0.213,0.446
4_140978296,0,0.213,0.446
4_141019123,0,0.2,0.434
4_141020019,0,0.2,0.434
4_148291748,0,0.347,0.06
4_153075111,0,0.613,0.289
4_184167544,0,0.48,0.217
4_184855613,2,0.68,0.325
4_184917747,0,0.387,0.193
4_184917747,2,0.147,0.361
4_184919416,2,0.227,0.506
4_184919549,2,0.227,0.506
4_184921019,2,0.227,0.506
4_184921148,2,0.227,0.506
4_184924581,2,0.227,0.506
4_184928145,2,0.227,0.506
4_184929303,2,0.227,0.494
4_184932426,2,0.227,0.482
4_184932664,2,0.227,0.506
4_184933073,2,0.227,0.506
4_188143428,1,0.213,0.482
4_188151233,1,0.24,0.53
4_188155396,1,0.133,0.47
4_188155584,1,0.133,0.47
4_188157361,1,0.133,0.47
4_188157368,1,0.133,0.47
4_188159410,1,0.133,0.518
4_188163173,1,0.133,0.494
4_188165350,1,0.133,0.494
4_188177303,1,0.16,0.506
4_188177590,1,0.16,0.506
4_188179289,1,0.16,0.506
4_188180381,1,0.16,0.506
4_188184653,1,0.16,0.506
4_188185921,2,0.613,0.289
4_188187100,1,0.16,0.506
4_188188131,1,0.16,0.506
4_188188723,1,0.16,0.506
4_188190341,1,0.16,0.506
4_188191007,1,0.16,0.506
4_188191354,1,0.173,0.506
4_188191728,1,0.16,0.506
4_188198966,1,0.24,0.506
4_188199816,1,0.16,0.494
4_188200115,1,0.147,0.482
4_188201733,1,0.147,0.482
4_188203204,1,0.147,0.482
4_188205037,1,0.133,0.47
4_188205072,1,0.133,0.458
4_188205214,1,0.133,0.47
4_188205554,1,0.133,0.47
4_188205592,1,0.133,0.47
4_188205832,1,0.133,0.47
4_188205851,1,0.133,0.47
4_188205920,1,0.133,0.47
4_188205928,1,0.133,0.47
4_188205949,1,0.133,0.47
4_188206040,1,0.133,0.47
4_188206377,1,0.133,0.47
4_188206378,1,0.133,0.47
4_188206571,1,0.133,0.47
4_188206678,1,0.133,0.47
4_188206711,1,0.133,0.47
4_188206781,1,0.133,0.47
4_188206970,1,0.133,0.47
4_188207541,1,0.133,0.47
4_188207551,1,0.133,0.47
4_188207936,1,0.2,0.518
4_188207938,1,0.2,0.518
4_188208768,1,0.133,0.47
4_188211109,1,0.107,0.482
4_188211109,2,0.88,0.422
4_188211414,2,0.893,0.446
4_188215593,1,0.173,0.47
4_188215593,2,0.813,0.386
4_188216805,1,0.213,0.518
4_188217119,1,0.213,0.518
4_188218037,1,0.107,0.482
4_188218319,1,0.227,0.53
4_188227650,2,0.48,0.229
4_188229502,0,0.067,0.301
4_188229656,0,0.08,0.313
4_188229661,0,0.08,0.313
4_188229666,0,0.08,0.313
4_188229815,0,0.067,0.301
4_188229885,0,0.067,0.301
4_188229963,0,0.067,0.301
4_188229964,0,0.067,0.301
4_188230380,0,0.067,0.301
4_188231996,2,0.467,0.229
4_188922129,0,0.52,0.253
4_188953803,0,0.133,0.422
5_409645,0,0.187,0.446
5_413479,0,0.187,0.434
5_641819,0,0.227,0.482
5_642304,0,0.227,0.494
5_645184,0,0.227,0.494
5_646121,0,0.227,0.494
5_648736,2,0.453,0.193
5_651919,0,0.227,0.494
5_651919,2,0.307,0.12
5_658251,0,0.227,0.482
5_660661,0,0.227,0.482
5_1299641,0,0.307,0.12
5_2579236,0,0.467,0.217
5_2579236,2,0.12,0.301
5_2585073,0,0.467,0.229
5_2588992,0,0.467,0.229
5_2591178,0,0.48,0.229
5_2591310,0,0.48,0.229
5_32240725,1,0.24,0.542
5_32308661,0,0.707,0.337
5_32308661,1,0.24,0.566
5_32308762,0,0.707,0.337
5_32308762,1,0.24,0.566
5_32309851,0,0.707,0.337
5_32309851,1,0.24,0.566
5_32309859,0,0.707,0.337
5_32309859,1,0.24,0.566
5_32311025,0,0.707,0.337
5_32311025,1,0.24,0.566
5_32311397,0,0.707,0.349
5_32311397,1,0.24,0.554
5_32330807,0,0.173,0.398
5_32330807,2,0.347,0.169
5_32331350,0,0.173,0.398
5_32331350,2,0.347,0.169
5_32350871,0,0.213,0.482
5_32350871,2,0.32,0.145
5_32352734,0,0.227,0.482
5_32352734,2,0.307,0.12
5_32364551,0,0.213,0.482
5_32364551,2,0.32,0.145
5_32368313,0,0.227,0.482
5_32368313,2,0.307,0.12
5_32375726,0,0.213,0.482
5_32375726,2,0.32,0.145
5_32376332,0,0.213,0.482
5_32376332,2,0.32,0.145
5_32378679,0,0.213,0.482
5_32378679,2,0.32,0.145
5_32387881,0,0.213,0.482
5_32387881,2,0.32,0.145
5_32397896,0,0.213,0.482
5_32397896,2,0.32,0.145
5_32397927,0,0.213,0.482
5_32397927,2,0.32,0.145
5_32411408,0,0.213,0.482
5_32411408,2,0.32,0.145
5_32416529,0,0.213,0.482
5_32416529,2,0.32,0.145
5_32419744,0,0.213,0.482
5_32419744,2,0.32,0.145
5_32421808,0,0.213,0.482
5_32421808,2,0.32,0.145
5_32427482,0,0.213,0.482
5_32427482,2,0.32,0.145
5_32427725,0,0.213,0.482
5_32427725,2,0.32,0.145
5_32431270,0,0.213,0.482
5_32431270,2,0.32,0.145
5_32436123,0,0.213,0.458
5_32436123,2,0.32,0.145
5_32439218,0,0.213,0.458
5_32439218,2,0.32,0.145
5_32464310,1,0.187,0.434
5_32465972,1,0.187,0.434
5_32466330,1,0.187,0.446
5_32470849,1,0.187,0.434
5_32471552,1,0.187,0.446
5_32473553,0,0.173,0.41
5_32473553,2,0.4,0.157
5_32473900,0,0.173,0.41
5_32473900,2,0.387,0.157
5_32474202,0,0.173,0.41
5_32474202,2,0.4,0.157
5_32474209,0,0.173,0.41
5_32474209,2,0.4,0.157
5_32474366,0,0.173,0.41
5_32474366,2,0.4,0.157
5_32474418,0,0.173,0.41
5_32474418,2,0.4,0.157
5_32475250,0,0.173,0.41
5_32475250,2,0.4,0.157
5_32476109,0,0.173,0.41
5_32476109,2,0.4,0.157
5_86840943,0,0.173,0.398
5_86841148,0,0.173,0.398
5_100624126,0,0.32,0.084
5_100624126,2,0.133,0.398
5_100624681,0,0.36,0.084
5_100624681,2,0.133,0.386
5_100625360,0,0.427,0.133
5_100625360,2,0.093,0.325
5_100625665,0,0.347,0.084
5_100625665,2,0.133,0.386
5_100627721,0,0.347,0.084
5_100627721,2,0.133,0.386
5_100627889,0,0.493,0.241
5_100628537,0,0.347,0.084
5_100628537,2,0.133,0.373
5_100628736,0,0.373,0.084
5_100628736,2,0.133,0.361
5_100629838,0,0.413,0.133
5_100629838,2,0.093,0.325
5_100630298,0,0.413,0.133
5_100630298,2,0.093,0.325
5_100630781,0,0.347,0.084
5_100630781,2,0.133,0.373
5_100634038,0,0.36,0.084
5_100634038,2,0.133,0.373
5_100635030,0,0.347,0.084
5_100635030,2,0.133,0.373
5_100636593,0,0.347,0.084
5_100636593,2,0.133,0.373
5_100639618,0,0.347,0.084
5_100639618,2,0.133,0.373
5_100642934,0,0.333,0.084
5_100642934,2,0.133,0.373
5_104092730,0,0.133,0.337
5_104092730,2,0.333,0.12
5_104578988,1,0.187,0.422
5_104579754,1,0.187,0.422
5_104579755,1,0.187,0.422
5_104580034,1,0.187,0.422
5_104587820,1,0.187,0.422
5_104588673,1,0.187,0.422
5_104590683,1,0.187,0.422
5_104591559,1,0.187,0.422
5_104592616,1,0.187,0.422
5_104593887,1,0.187,0.422
5_104597082,1,0.187,0.422
5_104599008,1,0.187,0.422
5_104602259,1,0.187,0.422
5_104614572,1,0.187,0.434
5_104615488,1,0.16,0.446
5_104616045,1,0.187,0.434
5_104622750,1,0.187,0.434
5_104623918,1,0.187,0.434
5_104631831,1,0.187,0.434
5_104634091,1,0.187,0.422
5_104637046,1,0.187,0.422
5_104637770,1,0.187,0.422
5_104638086,1,0.187,0.422
5_104638231,1,0.187,0.422
5_104638857,1,0.187,0.422
5_104641113,1,0.187,0.422
5_104642346,1,0.187,0.422
5_104643871,1,0.187,0.422
5_104650581,1,0.187,0.422
5_104652222,1,0.187,0.422
5_104653397,1,0.187,0.422
5_104654356,1,0.187,0.422
5_104654613,1,0.187,0.422
5_104656827,1,0.187,0.422
5_104658228,1,0.187,0.422
5_104664435,1,0.187,0.422
5_104667537,1,0.187,0.434
5_104668520,1,0.187,0.422
5_104670766,1,0.187,0.422
5_104671681,1,0.187,0.422
5_104680157,1,0.187,0.446
5_104682684,1,0.187,0.446
5_104684074,1,0.187,0.446
5_104685172,1,0.187,0.446
5_104687121,1,0.187,0.446
5_104687367,1,0.187,0.446
5_104689222,1,0.187,0.446
5_104689721,1,0.187,0.446
5_104690500,1,0.187,0.446
5_104690974,1,0.187,0.446
5_104691782,1,0.187,0.446
5_104698289,1,0.187,0.422
5_104743594,1,0.173,0.458
5_104744903,1,0.173,0.458
5_104747117,1,0.173,0.458
5_104747185,1,0.173,0.458
5_104747911,1,0.173,0.458
5_104748567,1,0.173,0.458
5_104752318,1,0.173,0.458
5_104754935,1,0.173,0.458
5_104755777,1,0.173,0.458
5_104756336,1,0.173,0.458
5_113649976,2,0.187,0.482
5_123068367,0,0.427,0.169
5_123068367,2,0.147,0.313
5_126398408,2,0.333,0.145
5_126409865,2,0.333,0.145
5_126412264,2,0.333,0.145
5_129221124,0,0.347,0.145
5_129221124,2,0.16,0.361
5_140739949,2,0.32,0.12
5_140740014,2,0.307,0.12
5_140740569,2,0.32,0.108
5_140744042,2,0.333,0.108
5_140745201,2,0.333,0.108
5_140745614,2,0.333,0.108
5_140746337,2,0.333,0.108
5_140746405,2,0.333,0.108
5_140746552,2,0.333,0.108
5_140746554,2,0.333,0.108
5_140747196,2,0.333,0.108
5_140749730,2,0.333,0.108
5_140749761,2,0.333,0.108
5_140751027,2,0.333,0.108
5_140751309,2,0.333,0.108
5_140751461,2,0.333,0.108
5_140751634,2,0.333,0.108
5_140751945,2,0.333,0.108
5_140751950,2,0.333,0.108
5_140752549,2,0.333,0.108
5_140753147,2,0.333,0.108
5_140755951,2,0.333,0.108
5_140756469,2,0.333,0.108
5_140756883,2,0.32,0.096
5_140757219,2,0.333,0.108
5_140757223,2,0.333,0.108
5_140757226,2,0.333,0.096
5_140757328,2,0.333,0.108
5_140757330,2,0.333,0.108
5_140757372,2,0.347,0.108
5_140757420,2,0.333,0.108
5_140757918,2,0.333,0.108
5_140758059,2,0.32,0.096
5_140758127,2,0.333,0.108
5_140758128,2,0.32,0.096
5_140758282,2,0.32,0.108
5_140759116,2,0.32,0.108
5_140760009,2,0.32,0.096
5_140760055,2,0.32,0.108
5_140760654,2,0.32,0.096
5_140760944,2,0.333,0.108
5_140761268,2,0.32,0.096
5_140762194,2,0.333,0.108
5_140762962,2,0.333,0.108
5_140763116,2,0.333,0.108
5_140765621,0,0.32,0.096
5_140766364,0,0.32,0.096
5_140766760,0,0.333,0.108
5_140767236,0,0.32,0.108
5_140767314,0,0.32,0.108
5_140767663,0,0.333,0.108
5_140772116,0,0.333,0.108
5_140774145,0,0.333,0.108
5_140774630,0,0.32,0.096
5_140775538,0,0.333,0.108
5_140776392,0,0.32,0.096
5_140776679,0,0.32,0.108
5_140776733,0,0.32,0.096
5_140777246,0,0.32,0.108
5_140777842,0,0.32,0.096
5_140778276,0,0.32,0.108
5_140778957,0,0.32,0.108
5_140779372,0,0.32,0.096
5_140780542,0,0.32,0.096
5_140781037,0,0.32,0.108
5_140782019,0,0.333,0.108
5_140782337,0,0.32,0.096
5_140782575,0,0.32,0.108
5_140783025,0,0.333,0.108
5_140783743,0,0.347,0.108
5_140783743,2,0.187,0.41
5_140784972,0,0.32,0.108
5_140785304,0,0.32,0.096
5_140785333,0,0.32,0.096
5_140785646,0,0.32,0.108
5_140785983,0,0.32,0.096
5_140786039,0,0.32,0.108
5_140788485,0,0.32,0.108
5_140788566,0,0.32,0.108
5_140789226,0,0.32,0.108
5_140789714,0,0.32,0.108
5_140789770,0,0.32,0.096
5_140790018,0,0.333,0.096
5_140790145,0,0.32,0.096
5_140791070,0,0.32,0.096
5_140791609,0,0.32,0.096
5_140791857,0,0.32,0.096
5_140792205,0,0.32,0.096
5_140792423,0,0.32,0.096
5_140793333,0,0.32,0.096
5_140794012,0,0.32,0.096
5_140795037,0,0.32,0.096
5_140800866,0,0.32,0.096
5_140800952,0,0.32,0.096
5_140800976,0,0.32,0.096
5_140801152,0,0.32,0.096
5_140802149,0,0.32,0.096
5_140802307,0,0.32,0.096
5_140803473,0,0.32,0.096
5_140803740,0,0.32,0.096
5_140804000,0,0.32,0.096
5_140804074,0,0.32,0.096
5_140804238,0,0.32,0.096
5_140804857,0,0.32,0.096
5_140805547,0,0.32,0.096
5_140805687,0,0.32,0.096
5_140805863,0,0.32,0.096
5_140805888,0,0.32,0.096
5_140807072,0,0.32,0.096
5_140807463,0,0.32,0.096
5_140808798,0,0.32,0.096
5_140808816,0,0.32,0.096
5_140811658,0,0.32,0.096
5_140811721,0,0.32,0.096
5_140811875,0,0.32,0.096
5_140812308,0,0.32,0.096
5_140813058,0,0.347,0.096
5_140815273,0,0.32,0.096
5_140817637,0,0.347,0.096
5_140819454,0,0.333,0.096
5_140820841,0,0.32,0.096
5_140821026,0,0.32,0.096
5_140821679,0,0.32,0.096
5_140821835,0,0.32,0.096
5_140823847,0,0.32,0.096
5_140825065,0,0.32,0.084
5_140826678,0,0.32,0.096
5_140827159,0,0.333,0.096
5_140829882,0,0.32,0.096
5_140831031,0,0.32,0.096
5_140831175,0,0.32,0.096
5_140831489,0,0.307,0.096
5_140831641,0,0.307,0.084
5_140832953,0,0.307,0.108
5_140843056,0,0.387,0.145
5_149258170,0,0.28,0.566
5_149259499,0,0.28,0.566
5_149261530,0,0.28,0.566
5_149262718,0,0.28,0.566
5_174267934,1,0.16,0.373
5_174268671,1,0.16,0.373
5_174269789,1,0.16,0.373
5_174270028,1,0.16,0.373
5_174270076,1,0.16,0.373
5_174276748,2,0.12,0.361
5_174642590,0,0.187,0.373
5_174642590,2,0.387,0.169
5_174644235,0,0.173,0.373
5_174644235,2,0.373,0.169
5_174647388,0,0.173,0.373
5_174647388,2,0.373,0.169
5_178988936,2,0.453,0.157
5_178989062,2,0.453,0.169
5_178989826,2,0.453,0.157
5_178989881,2,0.453,0.157
5_178992886,2,0.467,0.157
5_178994350,2,0.453,0.169
5_178994769,2,0.533,0.193
5_178995454,2,0.667,0.301
6_2448949,0,0.227,0.494
6_2448952,0,0.227,0.482
6_4612117,1,0.36,0.169
6_7257870,2,0.347,0.145
6_8032914,2,0.52,0.253
6_8033931,2,0.52,0.253
6_12260690,1,0.16,0.422
6_13711047,2,0.333,0.084
6_13745286,0,0.147,0.301
6_25684051,2,0.253,0.542
6_25953046,2,0.627,0.289
6_25965714,2,0.653,0.313
6_26012647,2,0.627,0.301
6_26015355,2,0.627,0.301
6_26016234,2,0.627,0.301
6_26024208,2,0.56,0.265
6_26044141,2,0.56,0.265
6_26045701,2,0.56,0.265
6_26052063,2,0.573,0.241
6_26061541,2,0.573,0.241
6_26067554,2,0.613,0.301
6_26069267,2,0.56,0.205
6_26070444,2,0.56,0.205
6_26074807,2,0.587,0.241
6_26076414,2,0.587,0.241
6_26081496,2,0.56,0.205
6_32796111,0,0.56,0.277
6_32800601,0,0.573,0.277
6_32802334,0,0.573,0.277
6_32802911,0,0.573,0.277
6_32803634,0,0.573,0.277
6_32804187,0,0.573,0.277
6_32805485,0,0.573,0.277
6_32806360,0,0.573,0.277
6_32806361,0,0.573,0.277
6_32806688,0,0.573,0.277
6_32807224,0,0.573,0.277
6_32809763,0,0.573,0.277
6_35559937,0,0.307,0.639
6_35559940,0,0.307,0.639
6_35988056,2,0.267,0.59
6_35988389,2,0.267,0.59
6_35989171,2,0.267,0.59
6_35989901,0,0.28,0.602
6_35990917,2,0.267,0.59
6_35991384,2,0.267,0.59
6_35991441,2,0.267,0.59
6_35992837,2,0.267,0.59
6_35993521,2,0.267,0.59
6_36001159,2,0.28,0.602
6_49974725,0,0.573,0.277
6_69833861,2,0.187,0.482
6_69835135,2,0.187,0.482
6_69837760,2,0.227,0.542
6_69840572,2,0.187,0.482
6_69848670,2,0.187,0.47
6_69849463,2,0.187,0.47
6_69851130,2,0.187,0.47
6_69852723,2,0.187,0.47
6_69853323,2,0.187,0.482
6_69854907,2,0.187,0.47
6_69858719,2,0.2,0.47
6_69866352,2,0.2,0.47
6_70030881,0,0.107,0.337
6_70030881,2,0.347,0.157
6_77664770,0,0.267,0.614
6_78406782,0,0.147,0.337
6_78406782,2,0.32,0.108
6_78407569,0,0.147,0.337
6_78407569,2,0.32,0.108
6_78417977,0,0.147,0.337
6_78417977,2,0.32,0.108
6_91179025,2,0.307,0.084
6_112426461,1,0.4,0.193
6_130802665,1,0.213,0.53
6_150004824,2,0.08,0.301
6_150004863,2,0.08,0.313
6_150005131,2,0.08,0.313
6_150005842,2,0.08,0.313
6_150006066,2,0.08,0.313
6_151781217,2,0.133,0.361
6_151834828,2,0.213,0.434
6_151834829,2,0.213,0.434
6_151835062,2,0.213,0.434
6_151835593,2,0.213,0.434
6_151835987,2,0.213,0.434
6_151836746,0,0.24,0.482
6_151838491,0,0.24,0.482
6_151838765,0,0.24,0.482
6_151839931,0,0.24,0.482
6_151841092,0,0.24,0.482
6_151842200,0,0.24,0.482
6_151843104,0,0.24,0.482
6_151843413,0,0.24,0.482
6_151845666,0,0.24,0.494
6_151847321,0,0.24,0.482
6_151847839,0,0.24,0.482
6_151849112,0,0.227,0.494
6_165104476,0,0.533,0.253
7_4533451,0,0.187,0.41
7_12684406,1,0.267,0.602
7_12694990,1,0.293,0.614
7_12698408,2,0.52,0.157
7_12698765,1,0.24,0.59
7_12698765,2,0.68,0.205
7_12698830,1,0.24,0.59
7_12699385,1,0.24,0.578
7_12700591,1,0.227,0.59
7_12700591,2,0.693,0.205
7_12712565,1,0.227,0.59
7_12712565,2,0.68,0.253
7_12717474,1,0.227,0.578
7_12717474,2,0.68,0.265
7_12721318,1,0.24,0.578
7_12721713,1,0.24,0.578
7_12730035,1,0.24,0.59
7_12730829,1,0.24,0.59
7_12735681,1,0.24,0.59
7_12742191,1,0.24,0.59
7_12742191,2,0.693,0.253
7_12744355,1,0.253,0.59
7_12744708,1,0.24,0.59
7_12744708,2,0.693,0.253
7_13605549,0,0.28,0.59
7_15681841,2,0.133,0.398
7_15684128,2,0.133,0.398
7_16567692,2,0.173,0.506
7_16569923,2,0.173,0.506
7_16714092,0,0.16,0.398
7_16714092,2,0.4,0.181
7_16715077,0,0.16,0.398
7_16715077,2,0.4,0.181
7_16715332,0,0.16,0.398
7_16715332,2,0.4,0.181
7_16715823,0,0.16,0.398
7_16715823,2,0.4,0.181
7_16717066,0,0.16,0.398
7_16717066,2,0.4,0.181
7_16718638,0,0.16,0.386
7_16718638,2,0.413,0.193
7_16720530,0,0.16,0.398
7_16720530,2,0.4,0.181
7_16721820,0,0.16,0.398
7_16721820,2,0.4,0.157
7_16722400,0,0.16,0.398
7_16722400,2,0.4,0.157
7_16724455,0,0.2,0.458
7_16725668,2,0.413,0.169
7_16728231,1,0.427,0.133
7_16738758,0,0.28,0.614
7_16748706,0,0.067,0.301
7_16748802,0,0.067,0.313
7_16749396,0,0.067,0.301
7_16749442,0,0.067,0.313
7_16749832,0,0.067,0.301
7_26107819,0,0.173,0.373
7_26107819,2,0.387,0.181
7_26111570,0,0.173,0.373
7_26111570,2,0.387,0.181
7_26112691,0,0.173,0.373
7_26112691,2,0.387,0.181
7_26113608,0,0.173,0.373
7_26113608,2,0.387,0.181
7_26113835,0,0.173,0.373
7_26113835,2,0.387,0.181
7_26113853,0,0.173,0.373
7_26113853,2,0.387,0.181
7_29609022,0,0.413,0.193
7_31503515,2,0.133,0.361
7_37341616,1,0.133,0.349
7_54751434,2,0.307,0.627
7_54803482,2,0.2,0.482
7_56368792,2,0.32,0.145
7_70491972,0,0.6,0.253
7_70496849,0,0.6,0.265
7_70496913,0,0.6,0.265
7_70805351,1,0.627,0.253
7_83545047,2,0.173,0.386
7_83548784,0,0.387,0.181
7_83548784,2,0.16,0.361
7_83552678,0,0.387,0.181
7_83552678,2,0.16,0.361
7_83552715,0,0.387,0.181
7_83552715,2,0.16,0.361
7_83552791,0,0.387,0.181
7_83552791,2,0.16,0.361
7_83553258,0,0.387,0.181
7_83553258,2,0.16,0.361
7_83561048,0,0.387,0.169
7_83561048,2,0.16,0.361
7_83561965,0,0.387,0.169
7_83561965,2,0.16,0.361
7_83582305,0,0.387,0.169
7_83582305,2,0.16,0.361
7_83583868,0,0.387,0.169
7_83583868,2,0.16,0.361
7_83583948,0,0.387,0.169
7_83583948,2,0.16,0.361
7_83585577,0,0.387,0.169
7_83585577,2,0.16,0.361
7_83587847,0,0.387,0.169
7_83587847,2,0.16,0.361
7_83588565,0,0.387,0.169
7_83588565,2,0.16,0.361
7_83588796,0,0.387,0.169
7_83588796,2,0.16,0.361
7_83589646,0,0.387,0.169
7_83589646,2,0.16,0.361
7_83593352,0,0.387,0.169
7_83593352,2,0.16,0.361
7_83593900,0,0.387,0.169
7_83593900,2,0.16,0.361
7_83595897,0,0.387,0.169
7_83595897,2,0.16,0.361
7_83599968,0,0.387,0.169
7_83599968,2,0.16,0.361
7_97340923,0,0.627,0.277
7_97342200,0,0.653,0.289
7_97342254,1,0.213,0.434
7_97343627,0,0.6,0.265
7_106558283,0,0.307,0.072
7_108687663,0,0.187,0.386
7_108687663,2,0.347,0.145
7_131325670,2,0.453,0.205
7_136531368,2,0.307,0.12
7_136532454,2,0.307,0.12
7_136533549,2,0.307,0.12
7_136534081,2,0.307,0.12
7_136534346,2,0.307,0.12
7_136535591,2,0.307,0.12
7_136536043,2,0.307,0.12
7_136536533,2,0.307,0.12
7_136538926,2,0.307,0.12
7_136541814,2,0.307,0.12
7_138603087,0,0.293,0.627
7_138624894,0,0.307,0.639
7_140314625,2,0.12,0.41
7_141303437,0,0.253,0.554
7_141303911,0,0.253,0.542
7_148229145,1,0.173,0.458
7_149751835,0,0.52,0.241
7_150779585,2,0.133,0.313
7_152961267,0,0.12,0.301
7_152961267,2,0.533,0.253
7_154787582,0,0.133,0.337
7_154787582,2,0.413,0.169
8_1837735,0,0.213,0.434
8_1837855,0,0.253,0.53
8_1838544,0,0.2,0.422
8_1842992,0,0.133,0.349
8_4563160,2,0.573,0.277
8_4563836,1,0.213,0.482
8_4563836,2,0.667,0.313
8_4566260,1,0.2,0.458
8_5742054,2,0.16,0.373
8_18948520,0,0.173,0.446
8_18958724,0,0.173,0.446
8_18960309,0,0.173,0.446
8_18965168,0,0.267,0.627
8_18965168,1,0.6,0.289
8_18965433,0,0.267,0.627
8_18965433,1,0.6,0.289
8_19048550,0,0.213,0.47
8_20353444,0,0.267,0.59
8_58293985,0,0.107,0.325
8_58349880,0,0.307,0.614
8_58891688,2,0.24,0.506
8_58893988,2,0.24,0.506
8_58895250,2,0.24,0.506
8_58897749,2,0.24,0.506
8_58907702,0,0.293,0.614
8_58913779,0,0.373,0.747
8_58913779,1,0.44,0.217
8_58913780,0,0.373,0.747
8_58913780,1,0.467,0.217
8_62582039,0,0.347,0.699
8_79059542,0,0.427,0.145
8_79067710,0,0.427,0.145
8_79073827,0,0.427,0.145
8_79074610,0,0.427,0.145
8_79075062,0,0.427,0.145
8_79103310,0,0.427,0.145
8_79109911,0,0.427,0.145
8_79125398,0,0.427,0.145
8_94616586,2,0.28,0.578
8_94616607,2,0.28,0.578
8_94627553,0,0.48,0.229
8_94730823,2,0.333,0.157
8_101265948,2,0.307,0.072
8_119102002,2,0.32,0.651
8_119107696,2,0.32,0.663
8_119108036,2,0.32,0.663
8_119109280,2,0.32,0.663
8_119109432,2,0.32,0.663
8_119112921,2,0.32,0.651
8_119121033,2,0.32,0.651
8_119122030,2,0.32,0.651
8_119125954,2,0.32,0.651
8_119128772,2,0.32,0.663
8_119130766,2,0.32,0.651
8_119138319,2,0.32,0.651
8_119140849,2,0.307,0.651
8_119141886,2,0.32,0.651
8_119152522,2,0.32,0.663
8_119157399,2,0.32,0.675
8_119165524,2,0.32,0.675
8_119170253,2,0.32,0.663
8_119170262,2,0.32,0.675
8_119170870,2,0.32,0.675
8_119171154,2,0.32,0.675
8_119173826,2,0.32,0.675
8_119175115,2,0.32,0.675
8_119175590,2,0.32,0.675
8_119178171,2,0.32,0.675
8_119181869,2,0.32,0.675
8_119183124,2,0.32,0.675
8_119200751,0,0.253,0.554
8_121610875,2,0.093,0.301
8_121610911,2,0.093,0.301
8_121611181,2,0.093,0.301
8_128003637,2,0.173,0.446
8_134502584,0,0.08,0.301
8_134561017,0,0.173,0.434
8_134561414,0,0.173,0.434
8_134561415,0,0.173,0.434
8_134561883,0,0.173,0.434
8_135416650,2,0.107,0.313
8_135468466,0,0.187,0.386
8_135468466,2,0.36,0.096
8_135472147,0,0.187,0.398
8_135472147,2,0.36,0.084
8_135475402,0,0.187,0.398
8_135475402,2,0.36,0.084
8_135475560,0,0.187,0.398
8_135475560,2,0.36,0.084
8_135506535,0,0.187,0.398
8_135506535,2,0.36,0.084
8_135507191,0,0.187,0.398
8_135507191,2,0.36,0.084
8_135510315,0,0.187,0.398
8_135510315,2,0.36,0.084
8_135514005,0,0.187,0.398
8_135514005,2,0.36,0.084
8_135515343,0,0.187,0.398
8_135515343,2,0.36,0.084
8_135526889,0,0.187,0.398
8_135526889,2,0.36,0.084
8_135575385,2,0.347,0.072
8_135601307,2,0.373,0.12
8_139921496,0,0.613,0.289
8_140086108,2,0.293,0.639
8_140086375,2,0.293,0.639
8_140087996,2,0.227,0.47
8_140260652,0,0.4,0.157
8_140260652,2,0.147,0.313
8_140596912,1,0.413,0.169
8_140610939,0,0.36,0.133
8_140610939,2,0.187,0.386
8_140611772,2,0.187,0.434
8_140612791,2,0.187,0.446
8_140614946,2,0.187,0.41
8_140619734,1,0.453,0.169
8_140624216,1,0.453,0.181
8_140625230,2,0.213,0.434
8_140625241,2,0.213,0.434
8_140628386,1,0.453,0.169
8_140643678,2,0.133,0.422
8_140663317,2,0.147,0.422
8_140677101,2,0.147,0.422
8_140681921,2,0.147,0.446
8_140682695,2,0.147,0.422
8_140691377,2,0.133,0.422
8_140694133,2,0.16,0.422
8_141203898,2,0.56,0.265
9_7377978,0,0.347,0.133
9_7379214,0,0.307,0.133
9_7379214,2,0.2,0.458
9_7379806,0,0.32,0.133
9_7379806,2,0.173,0.458
9_7380059,0,0.307,0.133
9_7380059,2,0.187,0.458
9_7380404,2,0.24,0.518
9_12518078,0,0.613,0.289
9_12518872,0,0.613,0.289
9_13619016,1,0.107,0.422
9_21158516,0,0.467,0.193
9_21166903,0,0.627,0.301
9_21179175,0,0.44,0.133
9_21202409,0,0.653,0.313
9_21202409,1,0.253,0.53
9_21202411,0,0.653,0.313
9_21202411,1,0.253,0.53
9_23341805,2,0.533,0.229
9_30992574,2,0.12,0.373
9_30992793,2,0.133,0.373
9_30993420,2,0.12,0.373
9_30993446,2,0.12,0.373
9_30995668,2,0.12,0.373
9_30995743,2,0.133,0.373
9_30995897,2,0.12,0.313
9_30996317,1,0.253,0.566
9_30996455,2,0.133,0.313
9_30996460,2,0.133,0.373
9_30996868,1,0.253,0.566
9_30997205,2,0.133,0.373
9_30997314,2,0.133,0.373
9_30999782,2,0.12,0.373
9_31000221,2,0.133,0.373
9_31000252,2,0.133,0.373
9_31000392,2,0.133,0.373
9_31000502,2,0.133,0.373
9_31000691,2,0.133,0.373
9_31000700,2,0.133,0.373
9_31000729,2,0.133,0.373
9_31000892,2,0.133,0.373
9_31000913,2,0.133,0.373
9_31000961,2,0.133,0.373
9_31001053,2,0.133,0.373
9_31001701,2,0.133,0.373
9_31001751,2,0.12,0.373
9_31002609,2,0.133,0.373
9_31002647,2,0.133,0.373
9_31002768,2,0.133,0.373
9_31002785,2,0.133,0.373
9_31004169,0,0.707,0.313
9_31004169,1,0.253,0.554
9_31006562,0,0.707,0.313
9_31006562,1,0.253,0.554
9_31006906,0,0.707,0.313
9_31006906,1,0.253,0.554
9_33097128,0,0.68,0.337
9_33097128,1,0.253,0.518
9_33118906,2,0.04,0.361
9_33122628,2,0.053,0.349
9_33123388,2,0.053,0.349
9_33124044,2,0.053,0.349
9_33128431,2,0.12,0.349
9_33129609,2,0.12,0.349
9_33130879,0,0.12,0.349
9_33136419,2,0.12,0.349
9_33137305,2,0.053,0.349
9_33141231,2,0.053,0.349
9_33146395,2,0.08,0.349
9_33146403,2,0.08,0.349
9_33146530,2,0.08,0.349
9_33147860,2,0.08,0.349
9_33148836,2,0.08,0.349
9_33157421,2,0.08,0.349
9_33163273,2,0.08,0.349
9_33165987,2,0.08,0.349
9_33166236,2,0.08,0.349
9_33176649,2,0.347,0.723
9_36345154,0,0.587,0.277
9_36346308,0,0.587,0.277
9_36354116,0,0.587,0.277
9_36358867,0,0.587,0.277
9_36361306,0,0.587,0.277
9_36364164,0,0.587,0.277
9_36367125,2,0.587,0.277
9_36371971,2,0.587,0.277
9_36376335,2,0.587,0.277
9_36384565,2,0.587,0.277
9_36388353,2,0.587,0.265
9_36395949,2,0.587,0.277
9_36396919,2,0.587,0.277
9_36401355,2,0.587,0.277
9_36407328,2,0.587,0.277
9_36415389,2,0.587,0.277
9_36442935,2,0.627,0.301
9_36448948,2,0.627,0.301
9_36451339,2,0.627,0.301
9_36459681,2,0.627,0.301
9_36460942,2,0.627,0.301
9_36461858,0,0.227,0.47
9_36463747,2,0.627,0.301
9_36464712,0,0.227,0.47
9_36473562,2,0.627,0.301
9_36478557,0,0.227,0.458
9_36481990,2,0.627,0.301
9_36512487,2,0.093,0.301
9_75092028,2,0.213,0.434
9_75937473,2,0.373,0.181
9_75938223,2,0.36,0.12
9_76890577,2,0.093,0.349
9_76900379,2,0.107,0.361
9_90108143,0,0.467,0.217
9_90108143,2,0.12,0.301
9_111630126,2,0.187,0.446
9_122175885,2,0.413,0.108
9_135736507,0,0.56,0.229
10_1847137,0,0.267,0.566
10_1847783,2,0.453,0.217
10_6968160,2,0.52,0.253
10_6968290,2,0.533,0.253
10_6968297,0,0.533,0.253
10_6968310,0,0.533,0.253
10_6971233,0,0.52,0.253
10_7074043,1,0.147,0.41
10_7077461,1,0.147,0.41
10_7080404,1,0.147,0.41
10_7081545,1,0.147,0.422
10_7081880,1,0.147,0.398
10_7082480,1,0.147,0.41
10_7083185,1,0.147,0.386
10_7084831,1,0.147,0.41
10_7085100,1,0.147,0.41
10_7085114,1,0.173,0.41
10_7086303,1,0.147,0.422
10_10916027,0,0.107,0.313
10_10916558,0,0.107,0.313
10_10919058,0,0.107,0.325
10_10922525,0,0.107,0.337
10_10922525,2,0.413,0.205
10_10922879,0,0.107,0.337
10_10922879,2,0.413,0.205
10_10924327,0,0.107,0.325
10_10924327,2,0.427,0.205
10_10927684,0,0.107,0.313
10_10927684,2,0.427,0.205
10_16195726,0,0.547,0.193
10_16470977,0,0.48,0.229
10_16471347,0,0.507,0.241
10_17046273,1,0.2,0.458
10_17077472,1,0.213,0.47
10_17091045,1,0.213,0.47
10_17092092,1,0.213,0.47
10_17092338,0,0.693,0.325
10_17097041,1,0.213,0.47
10_17097932,1,0.213,0.47
10_17102814,0,0.573,0.265
10_17103898,1,0.213,0.47
10_17104920,1,0.213,0.47
10_17106796,1,0.213,0.47
10_17107012,1,0.213,0.47
10_17107146,1,0.213,0.47
10_17110061,1,0.213,0.47
10_17110856,1,0.24,0.482
10_17110995,1,0.24,0.482
10_17112211,1,0.213,0.47
10_17112758,1,0.213,0.47
10_17114528,1,0.24,0.482
10_17114928,1,0.213,0.47
10_17116213,1,0.213,0.47
10_17116380,1,0.213,0.47
10_17116974,0,0.573,0.265
10_17118360,1,0.24,0.482
10_17121082,0,0.08,0.313
10_18686263,2,0.373,0.133
10_26916355,2,0.2,0.458
10_30961266,0,0.2,0.422
10_30961266,2,0.467,0.205
10_30962672,2,0.4,0.181
10_34207623,0,0.093,0.349
10_34207623,2,0.373,0.145
10_34218628,0,0.093,0.337
10_34218628,2,0.36,0.12
10_34220104,0,0.107,0.349
10_34220104,2,0.36,0.12
10_49749468,0,0.187,0.386
10_49749468,2,0.307,0.096
10_49751449,0,0.187,0.386
10_49751449,2,0.307,0.096
10_49754211,0,0.187,0.386
10_49754211,2,0.307,0.084
10_54241460,2,0.133,0.325
10_54242559,2,0.133,0.337
10_54315936,2,0.173,0.361
10_85911075,0,0.48,0.205
10_90886965,2,0.12,0.422
10_97804061,0,0.387,0.181
10_97804061,2,0.16,0.386
10_97808313,2,0.133,0.41
10_97808744,2,0.133,0.41
10_97819612,2,0.133,0.386
10_97820742,2,0.133,0.386
10_97821062,2,0.133,0.386
10_97821103,2,0.133,0.398
10_97821469,2,0.213,0.482
10_97821499,2,0.133,0.386
10_97821519,2,0.133,0.422
10_97821664,2,0.133,0.386
10_97821965,2,0.133,0.386
10_97822001,2,0.133,0.422
10_97822499,2,0.133,0.386
10_97822771,2,0.147,0.434
10_97822824,2,0.213,0.482
10_97823455,2,0.133,0.386
10_97823576,2,0.133,0.386
10_97825663,2,0.2,0.482
10_97826763,2,0.133,0.386
10_97827727,2,0.133,0.386
10_97828099,2,0.133,0.386
10_97829634,2,0.133,0.386
10_97830208,2,0.133,0.386
10_107091913,2,0.107,0.373
10_107642649,0,0.547,0.265
10_107656108,0,0.6,0.289
10_107656908,0,0.6,0.289
10_107657343,0,0.6,0.289
10_107658243,0,0.6,0.289
10_107665736,0,0.56,0.241
10_107666847,0,0.56,0.217
10_107671291,0,0.56,0.217
10_107674368,0,0.587,0.289
10_107675521,0,0.587,0.289
10_107676217,0,0.587,0.289
10_107678614,2,0.587,0.289
10_107679972,2,0.587,0.289
10_107681163,2,0.587,0.289
10_107685767,2,0.56,0.217
10_107686706,2,0.56,0.217
10_107687097,2,0.56,0.217
10_107688766,2,0.56,0.217
10_124311032,0,0.52,0.253
10_124312140,0,0.52,0.253
10_124313531,0,0.533,0.241
10_124314247,1,0.24,0.494
10_124314688,0,0.627,0.265
10_124315864,1,0.24,0.482
10_124322351,1,0.24,0.482
10_124322386,1,0.24,0.494
10_124323254,1,0.24,0.494
10_124326623,1,0.24,0.482
10_124331952,1,0.24,0.482
10_124336858,1,0.24,0.482
11_1828850,0,0.44,0.217
11_1828850,2,0.107,0.301
11_8214715,2,0.24,0.482
11_26735009,1,0.547,0.193
11_26736182,1,0.547,0.193
11_26738323,0,0.373,0.759
11_26738323,1,0.56,0.205
11_26739678,0,0.333,0.711
11_26739678,1,0.573,0.253
11_26740958,0,0.373,0.771
11_26740958,1,0.56,0.205
11_32208145,0,0.107,0.301
11_32209331,0,0.107,0.301
11_32210658,0,0.107,0.301
11_32214998,0,0.107,0.325
11_32216052,0,0.107,0.325
11_32217574,0,0.107,0.313
11_33406346,1,0.52,0.253
11_33406346,2,0.347,0.699
11_36194022,0,0.547,0.265
11_44506199,2,0.507,0.253
11_44506426,0,0.08,0.325
11_44506426,2,0.507,0.253
11_44507397,0,0.08,0.325
11_44507397,2,0.507,0.253
11_44508698,0,0.08,0.325
11_44508698,2,0.507,0.253
11_44513706,0,0.64,0.313
11_44727094,1,0.307,0.651
11_44947205,2,0.093,0.349
11_45628813,0,0.173,0.434
11_77086315,1,0.173,0.494
11_80773978,2,0.2,0.41
11_80779688,2,0.173,0.398
11_80784893,2,0.2,0.41
11_96196781,0,0.427,0.205
11_110101358,2,0.307,0.108
11_110102405,2,0.307,0.108
11_110104196,2,0.307,0.108
11_110104311,2,0.307,0.108
11_110104351,2,0.307,0.108
11_110108183,2,0.307,0.108
11_110117667,2,0.307,0.108
11_110122945,2,0.307,0.108
11_110123301,2,0.307,0.108
11_110124748,2,0.307,0.108
11_110124917,2,0.307,0.108
11_110125771,2,0.307,0.108
11_110130070,2,0.307,0.108
11_110134669,2,0.347,0.12
11_110134738,2,0.347,0.12
11_110139059,2,0.347,0.12
11_110141378,2,0.347,0.108
11_110143987,2,0.373,0.108
11_119618100,2,0.24,0.482
11_119619468,2,0.24,0.482
11_121986044,0,0.147,0.349
11_121986044,2,0.373,0.169
11_132937599,2,0.347,0.108
11_132969028,2,0.373,0.108
12_3260008,0,0.133,0.422
12_3979376,2,0.507,0.253
12_5964354,2,0.293,0.59
12_5968688,2,0.267,0.578
12_5968741,2,0.267,0.578
12_5969450,2,0.267,0.578
12_5971124,2,0.293,0.639
12_5971368,2,0.293,0.639
12_5971411,2,0.293,0.639
12_5971429,2,0.293,0.639
12_5972772,2,0.293,0.639
12_5972947,2,0.293,0.639
12_5973392,2,0.293,0.639
12_5973586,2,0.293,0.651
12_5973633,2,0.293,0.651
12_6216416,0,0.44,0.217
12_8807579,1,0.507,0.241
12_8808923,1,0.507,0.193
12_8811766,1,0.533,0.217
12_10791027,0,0.32,0.096
12_12103694,0,0.28,0.59
12_27855836,1,0.467,0.229
12_39131347,0,0.307,0.627
12_39986233,0,0.227,0.482
12_60869725,2,0.48,0.205
12_64262956,0,0.333,0.687
12_70404988,0,0.587,0.277
12_70555468,0,0.4,0.181
12_70555468,2,0.12,0.301
12_70557591,1,0.44,0.145
12_70562101,1,0.453,0.145
12_70564387,1,0.427,0.133
12_75616953,0,0.44,0.133
12_75618037,0,0.44,0.133
12_75618261,0,0.44,0.133
12_75621686,0,0.467,0.181
12_75621735,0,0.467,0.181
12_75625719,0,0.453,0.181
12_75627069,0,0.467,0.193
12_75627084,0,0.467,0.193
12_75627217,0,0.467,0.193
12_75627980,0,0.467,0.193
12_75628154,0,0.467,0.181
12_75628370,0,0.467,0.181
12_75628695,0,0.467,0.181
12_75629089,0,0.467,0.181
12_75629608,0,0.453,0.181
12_75629612,0,0.453,0.181
12_75629621,0,0.467,0.181
12_75630930,0,0.453,0.181
12_75631690,0,0.453,0.181
12_75631970,0,0.467,0.181
12_75632731,0,0.48,0.193
12_75633367,0,0.48,0.193
12_75633384,0,0.48,0.193
12_75635478,0,0.467,0.181
12_77502511,2,0.56,0.277
12_130564237,0,0.187,0.446
12_130745873,2,0.533,0.241
12_130746540,2,0.52,0.241
12_130747590,2,0.52,0.241
12_130754284,2,0.493,0.205
12_130755656,2,0.493,0.205
12_130758331,2,0.493,0.205
12_130758503,2,0.493,0.193
13_19884828,1,0.267,0.554
13_22197991,0,0.533,0.265
13_29448897,2,0.133,0.313
13_33971898,0,0.16,0.398
13_33978052,0,0.16,0.398
13_33978866,0,0.173,0.398
13_33981208,0,0.16,0.398
13_33981985,0,0.16,0.398
13_33982001,0,0.16,0.398
13_33982053,0,0.16,0.398
13_33982555,0,0.16,0.398
13_33983688,0,0.16,0.398
13_33984981,0,0.16,0.398
13_33985019,0,0.16,0.398
13_33986393,0,0.16,0.398
13_33990248,0,0.16,0.398
13_33990648,2,0.16,0.398
13_33991162,0,0.16,0.398
13_33991274,0,0.16,0.398
13_33992057,0,0.16,0.398
13_33992311,0,0.16,0.398
13_33992462,0,0.16,0.398
13_33992765,0,0.16,0.398
13_33994025,0,0.16,0.398
13_33994158,0,0.16,0.398
13_33997830,0,0.16,0.398
13_33998079,0,0.16,0.398
13_33998812,0,0.16,0.398
13_34000291,0,0.16,0.398
13_34000381,0,0.16,0.398
13_34000414,0,0.16,0.398
13_34000869,0,0.16,0.398
13_34001728,0,0.16,0.398
13_34001903,0,0.16,0.398
13_34002156,0,0.16,0.398
13_34003809,0,0.16,0.398
13_34004043,0,0.16,0.398
13_34004196,2,0.16,0.398
13_34004553,0,0.16,0.398
13_34004589,0,0.16,0.398
13_34005141,2,0.16,0.398
13_34006481,0,0.16,0.398
13_34006714,2,0.16,0.398
13_34007712,0,0.16,0.398
13_34008743,2,0.16,0.398
13_34009352,0,0.16,0.398
13_34009787,0,0.16,0.398
13_34010233,0,0.16,0.398
13_34010251,2,0.16,0.398
13_34011310,2,0.16,0.398
13_34011488,0,0.16,0.398
13_34012981,2,0.16,0.386
13_34013100,2,0.16,0.386
13_34013243,2,0.16,0.386
13_34013285,2,0.16,0.386
13_34013364,2,0.16,0.386
13_34014198,2,0.16,0.386
13_34014715,2,0.16,0.386
13_34014725,2,0.16,0.386
13_34014915,2,0.16,0.386
13_34015011,2,0.16,0.386
13_34016137,0,0.16,0.386
13_34016230,2,0.16,0.386
13_34016345,2,0.16,0.386
13_34017010,2,0.16,0.398
13_34018375,2,0.16,0.386
13_34018908,2,0.16,0.386
13_34020039,2,0.16,0.386
13_34021584,2,0.16,0.386
13_34022005,2,0.16,0.386
13_34022379,2,0.16,0.386
13_34022918,2,0.16,0.386
13_34022958,2,0.16,0.386
13_34023281,2,0.16,0.386
13_34024402,2,0.16,0.386
13_34024732,2,0.16,0.386
13_34024883,2,0.16,0.386
13_34024946,2,0.16,0.386
13_34025654,2,0.16,0.373
13_34025721,2,0.16,0.386
13_34025742,2,0.16,0.386
13_34026001,2,0.16,0.373
13_34026013,2,0.16,0.373
13_34026273,2,0.16,0.386
13_34026342,2,0.16,0.386
13_34026696,2,0.16,0.386
13_34026710,2,0.16,0.386
13_34027149,0,0.16,0.386
13_34027622,2,0.16,0.386
13_34027674,2,0.16,0.386
13_34027746,2,0.16,0.386
13_34027896,2,0.16,0.386
13_34028364,2,0.16,0.386
13_34028925,2,0.16,0.386
13_34029027,2,0.16,0.386
13_34029376,2,0.16,0.386
13_34030018,2,0.16,0.386
13_34030086,2,0.16,0.386
13_34030160,2,0.16,0.386
13_34031303,2,0.16,0.386
13_34031758,2,0.16,0.386
13_34032292,2,0.2,0.47
13_34033081,2,0.2,0.47
13_34033136,2,0.16,0.386
13_34033448,2,0.2,0.47
13_34035279,2,0.2,0.47
13_34079194,0,0.373,0.145
13_36363019,0,0.413,0.145
13_42244330,0,0.48,0.229
13_42244652,0,0.48,0.229
13_62603769,0,0.347,0.169
13_62603769,2,0.133,0.361
13_64104844,0,0.227,0.554
13_68501326,2,0.333,0.084
13_68944447,0,0.227,0.494
13_68944447,2,0.32,0.108
13_68954075,0,0.387,0.133
13_69297730,1,0.427,0.205
13_75466876,1,0.4,0.108
13_80201360,2,0.32,0.084
13_83214948,0,0.187,0.434
13_83217480,0,0.187,0.434
13_84681957,2,0.467,0.229
13_84683800,2,0.467,0.229
13_84686433,2,0.467,0.229
13_84687782,2,0.467,0.229
13_84688909,0,0.2,0.458
13_84688909,2,0.36,0.133
13_84689739,2,0.467,0.229
13_84691500,0,0.2,0.458
13_84691500,2,0.36,0.133
13_84691766,2,0.467,0.229
13_84694833,0,0.12,0.325
13_84696342,0,0.12,0.325
13_84697336,0,0.12,0.325
13_84698374,0,0.12,0.325
13_84699455,0,0.12,0.325
13_84702876,0,0.12,0.325
13_84705415,2,0.12,0.325
13_84711539,2,0.12,0.313
13_84711720,2,0.12,0.313
13_84712318,2,0.12,0.325
13_86166464,0,0.12,0.386
13_86166464,2,0.4,0.193
13_86172182,0,0.12,0.373
13_89042146,0,0.387,0.145
13_92190446,1,0.587,0.289
13_92378095,0,0.227,0.494
13_98097648,1,0.147,0.518
13_98097653,1,0.147,0.518
13_98099023,0,0.373,0.157
13_98099023,2,0.147,0.349
13_98099156,0,0.373,0.157
13_98099156,2,0.147,0.361
13_98099260,0,0.373,0.157
13_98099260,2,0.147,0.349
13_98099708,0,0.373,0.157
13_98099708,2,0.147,0.361
13_102466643,0,0.573,0.229
14_16095996,0,0.173,0.361
14_16095996,2,0.36,0.145
14_18415545,2,0.44,0.157
14_18448147,2,0.36,0.108
14_20269064,0,0.493,0.181
14_20269838,0,0.48,0.181
14_20275110,0,0.48,0.181
14_20439395,2,0.08,0.313
14_24154982,2,0.387,0.133
14_24538991,2,0.187,0.386
14_24538995,2,0.187,0.386
14_24539049,2,0.187,0.386
14_24539552,2,0.187,0.386
14_24539982,2,0.187,0.386
14_24540415,2,0.187,0.386
14_24542909,2,0.187,0.386
14_24543635,2,0.187,0.386
14_24544886,2,0.187,0.386
14_24545719,2,0.187,0.386
14_24546431,2,0.187,0.386
14_24546953,2,0.187,0.386
14_24548491,2,0.187,0.386
14_24549155,2,0.187,0.386
14_24549291,2,0.187,0.386
14_24550209,2,0.187,0.386
14_24550811,2,0.187,0.386
14_24551689,2,0.187,0.386
14_24553132,2,0.187,0.386
14_24557291,2,0.187,0.386
14_24558954,2,0.187,0.386
14_24559944,2,0.187,0.386
14_24564997,2,0.187,0.386
14_24566242,2,0.187,0.386
14_24566478,2,0.187,0.386
14_24701738,0,0.493,0.241
14_24702444,0,0.173,0.41
14_24702444,2,0.307,0.084
14_24709304,0,0.493,0.241
14_24715004,2,0.36,0.133
14_24725885,0,0.16,0.361
14_24725885,2,0.347,0.133
14_24727738,0,0.16,0.361
14_24727738,2,0.347,0.133
14_24734536,0,0.16,0.361
14_24734536,2,0.347,0.133
14_29245736,1,0.507,0.253
14_46766242,0,0.227,0.506
14_65293825,0,0.453,0.193
14_65297351,0,0.413,0.181
14_65297351,2,0.133,0.301
14_65300615,0,0.413,0.181
14_65300615,2,0.133,0.301
14_65325210,0,0.147,0.313
14_65325210,2,0.427,0.181
14_73999497,2,0.547,0.265
14_85058753,1,0.44,0.193
14_89822627,1,0.28,0.566
14_106116404,2,0.213,0.434
14_106116768,2,0.227,0.458
15_23526296,0,0.2,0.494
15_23527787,0,0.2,0.494
15_23529105,0,0.2,0.494
15_23531644,0,0.413,0.193
15_23531644,2,0.12,0.337
15_23533504,0,0.413,0.193
15_23533504,2,0.12,0.337
15_23533544,0,0.413,0.193
15_23533544,2,0.12,0.337
15_23533625,0,0.413,0.193
15_23533625,2,0.12,0.337
15_23534820,0,0.12,0.337
15_23534820,2,0.413,0.193
15_23535010,0,0.413,0.193
15_23535010,2,0.12,0.325
15_23535310,0,0.12,0.337
15_23535310,2,0.413,0.193
15_23535890,0,0.12,0.337
15_23535890,2,0.413,0.193
15_23536079,0,0.413,0.193
15_23536079,2,0.12,0.325
15_23536160,0,0.413,0.193
15_23536160,2,0.12,0.325
15_23536301,0,0.413,0.193
15_23536301,2,0.12,0.325
15_23537252,0,0.133,0.349
15_23537252,2,0.387,0.193
15_23537398,0,0.133,0.349
15_23537398,2,0.387,0.193
15_23537693,0,0.133,0.349
15_23537693,2,0.387,0.193
15_28290120,1,0.0,0.325
15_56896924,2,0.067,0.313
15_57044552,0,0.093,0.313
15_57044627,0,0.093,0.313
15_57044895,0,0.093,0.313
15_57045282,0,0.093,0.313
15_57045771,0,0.093,0.313
15_57054307,0,0.093,0.313
15_57056027,0,0.093,0.313
15_57056104,0,0.093,0.313
15_57056578,0,0.093,0.313
15_57058767,0,0.093,0.313
15_57060836,0,0.093,0.313
15_57062217,0,0.093,0.325
15_57062958,0,0.093,0.325
15_57064670,0,0.093,0.325
15_57065068,0,0.093,0.325
15_57066230,0,0.093,0.325
15_57066799,0,0.093,0.325
15_57067467,2,0.093,0.325
15_57069149,0,0.093,0.325
15_57071724,0,0.093,0.313
15_57072616,0,0.093,0.313
15_57073898,0,0.093,0.313
15_57074206,0,0.093,0.313
15_57076261,0,0.093,0.313
15_57078309,0,0.093,0.313
15_57081038,0,0.093,0.313
15_57081541,0,0.093,0.313
15_57089653,0,0.093,0.313
15_57090941,0,0.093,0.313
15_57096151,0,0.093,0.313
15_57098330,0,0.093,0.313
15_57102336,0,0.093,0.313
15_57102412,0,0.093,0.313
15_57102418,0,0.093,0.313
15_57106736,2,0.093,0.313
15_57107496,2,0.093,0.313
15_57107790,2,0.093,0.313
15_57108551,2,0.093,0.313
15_57113476,2,0.093,0.313
15_57116782,2,0.093,0.313
15_57121578,0,0.093,0.313
15_57126616,2,0.093,0.313
15_57126617,2,0.093,0.313
15_57129157,2,0.093,0.313
15_57130354,2,0.093,0.313
15_57180877,0,0.093,0.313
15_74168534,0,0.32,0.096
15_74168534,2,0.2,0.47
15_74318059,0,0.16,0.349
15_74318059,2,0.427,0.205
15_74988791,2,0.307,0.06
15_74999733,2,0.307,0.06
15_75698332,1,0.2,0.494
15_75719281,0,0.653,0.313
15_75736028,0,0.653,0.313
15_75738859,0,0.653,0.313
15_75739246,0,0.653,0.313
15_75743027,0,0.653,0.313
15_75748599,0,0.653,0.313
15_75750205,0,0.653,0.313
15_75750474,0,0.653,0.313
15_75753051,0,0.653,0.313
15_75755148,0,0.653,0.313
15_75764945,0,0.12,0.373
15_75764945,2,0.333,0.096
15_75764946,0,0.12,0.373
15_75764946,2,0.333,0.096
15_75765031,0,0.64,0.313
15_75778764,0,0.653,0.301
15_79823317,0,0.613,0.289
15_79828226,0,0.613,0.289
15_79829631,0,0.613,0.289
15_79837674,0,0.613,0.289
15_79842029,0,0.613,0.289
15_79855621,0,0.613,0.289
15_85894976,1,0.24,0.482
15_92456107,0,0.4,0.181
15_92456107,2,0.08,0.301
15_92528265,0,0.16,0.47
15_99114675,0,0.107,0.313
15_99114675,2,0.347,0.145
15_99115228,0,0.107,0.301
15_99115228,2,0.373,0.145
15_101790153,0,0.107,0.337
15_101790153,2,0.413,0.169
16_5967975,0,0.093,0.301
16_5967975,2,0.573,0.265
16_9152198,0,0.373,0.133
16_9152198,2,0.12,0.361
16_9155394,2,0.08,0.337
16_14282386,0,0.667,0.265
16_14282386,1,0.253,0.554
16_16899142,0,0.28,0.566
16_18018106,2,0.147,0.398
16_18019627,2,0.147,0.373
16_18028711,2,0.16,0.41
16_18029799,2,0.16,0.41
16_18030073,2,0.16,0.41
16_18031492,2,0.16,0.41
16_51774452,1,0.24,0.506
16_74041073,0,0.24,0.554
16_74046447,0,0.24,0.53
16_74909318,0,0.48,0.193
16_74909318,2,0.133,0.301
16_78977452,0,0.307,0.627
16_78977700,0,0.293,0.627
16_81265758,1,0.2,0.458
16_81272659,1,0.213,0.518
16_81272949,1,0.187,0.434
16_81274913,0,0.173,0.386
16_81274913,2,0.307,0.096
16_81275014,1,0.2,0.482
16_81275261,0,0.173,0.386
16_81275261,2,0.307,0.096
16_81275508,0,0.173,0.386
16_81275508,2,0.307,0.096
16_81276065,0,0.147,0.386
16_81276065,2,0.32,0.108
16_81276132,2,0.747,0.361
16_81277342,0,0.12,0.373
16_81277342,2,0.333,0.108
16_81279361,1,0.227,0.458
16_81280004,1,0.213,0.446
16_81280776,1,0.213,0.446
16_87012721,0,0.707,0.349
16_88239803,0,0.213,0.53
16_88241342,0,0.213,0.53
17_7303462,2,0.307,0.133
17_9223318,2,0.507,0.229
17_9223590,2,0.493,0.217
17_9223932,2,0.493,0.217
17_10066176,2,0.373,0.169
17_10067741,2,0.373,0.169
17_10088114,0,0.267,0.59
17_10089781,0,0.267,0.59
17_10089896,0,0.267,0.59
17_33182840,0,0.08,0.313
17_33189883,0,0.08,0.325
17_40790934,2,0.453,0.205
17_41200138,1,0.4,0.181
17_41220842,1,0.387,0.193
17_42444950,2,0.133,0.386
17_42446692,2,0.093,0.349
17_42448547,2,0.093,0.349
17_42449012,0,0.347,0.169
17_42449012,2,0.133,0.386
17_42449102,2,0.093,0.337
17_42449251,2,0.093,0.349
17_42449414,2,0.093,0.349
17_42451647,2,0.093,0.349
17_42451945,2,0.093,0.337
17_42452217,2,0.093,0.337
17_42452800,2,0.093,0.337
17_42453606,2,0.093,0.349
17_42454432,2,0.093,0.349
17_42459270,2,0.093,0.337
17_42470894,2,0.093,0.337
17_42471524,2,0.093,0.349
17_42481341,2,0.093,0.337
17_42487404,2,0.093,0.337
17_42489154,2,0.093,0.325
17_42527609,2,0.093,0.349
17_42529389,2,0.093,0.337
17_42540502,2,0.093,0.349
17_42541987,2,0.08,0.313
17_42546524,2,0.107,0.337
17_42551517,2,0.107,0.337
17_42555562,2,0.107,0.337
17_42558337,2,0.107,0.349
17_42559751,2,0.107,0.349
17_42567456,2,0.107,0.349
17_42569832,2,0.107,0.349
17_42571373,2,0.107,0.349
17_42572258,2,0.107,0.349
17_42578710,2,0.107,0.349
17_42580680,2,0.107,0.349
17_42585099,2,0.107,0.349
17_42586592,2,0.107,0.349
17_42592302,2,0.107,0.349
17_42592890,2,0.107,0.349
17_42593627,2,0.107,0.349
17_42598630,2,0.107,0.349
17_42618073,2,0.107,0.349
17_42620485,2,0.107,0.337
17_42626171,2,0.107,0.349
17_42633605,2,0.107,0.349
17_42636130,2,0.107,0.349
17_42641686,0,0.413,0.205
17_42641686,2,0.093,0.373
17_42645388,2,0.093,0.361
17_42659763,0,0.147,0.398
17_42665430,2,0.093,0.349
17_42667791,2,0.093,0.349
17_42682055,0,0.093,0.349
17_42683631,0,0.093,0.349
17_42683904,0,0.093,0.349
17_42684957,0,0.093,0.337
17_45121631,0,0.573,0.277
17_45125011,1,0.213,0.446
17_45125162,1,0.213,0.446
17_45127224,1,0.213,0.446
17_45149111,0,0.467,0.229
17_45418852,0,0.173,0.41
17_49527532,0,0.2,0.434
17_55466239,0,0.507,0.229
17_55469834,0,0.52,0.217
17_55470812,0,0.52,0.217
17_55477403,0,0.52,0.217
17_55478270,0,0.52,0.217
17_55485788,0,0.52,0.217
17_55491494,0,0.547,0.241
17_61671989,0,0.613,0.277
17_61673121,0,0.613,0.277
17_61676071,0,0.613,0.277
17_61677771,0,0.613,0.277
17_61677977,0,0.613,0.277
17_61679808,0,0.613,0.277
17_61681206,0,0.613,0.277
17_61684345,0,0.613,0.277
17_61685753,0,0.613,0.277
17_61707699,0,0.613,0.277
17_61708446,0,0.613,0.277
17_61708978,0,0.613,0.277
17_61709174,0,0.613,0.277
17_61711534,0,0.613,0.277
17_61711870,0,0.613,0.277
17_61711873,0,0.613,0.265
17_61712274,0,0.613,0.277
17_61713684,0,0.613,0.277
17_61714871,0,0.613,0.277
17_61735387,0,0.613,0.277
17_65538420,2,0.307,0.133
17_65553807,2,0.36,0.096
17_71371559,0,0.267,0.554
17_71374312,0,0.507,0.229
17_71374864,0,0.507,0.229
17_71374899,0,0.507,0.229
17_71376187,2,0.253,0.542
17_71376723,0,0.507,0.229
17_71377953,0,0.507,0.229
17_71383658,2,0.24,0.53
17_72425037,2,0.12,0.313
17_73491226,2,0.333,0.108
17_74087653,0,0.2,0.47
17_74087653,2,0.333,0.096
17_74087757,0,0.227,0.458
17_74089919,0,0.2,0.446
17_74089919,2,0.333,0.133
17_74091658,0,0.2,0.47
17_74091658,2,0.32,0.12
17_74096964,0,0.227,0.482
17_74099162,0,0.227,0.494
17_74100567,0,0.227,0.494
17_74100645,0,0.227,0.494
17_74361666,0,0.187,0.373
17_74361666,2,0.333,0.108
17_78160783,0,0.52,0.241
17_79277477,2,0.6,0.277
17_79368997,2,0.227,0.47
17_79371057,2,0.227,0.47
17_79384625,0,0.307,0.627
18_330907,2,0.293,0.59
18_2482498,0,0.587,0.289
18_4204717,0,0.133,0.373
18_4204717,2,0.387,0.181
18_5861100,0,0.56,0.265
18_7894047,0,0.68,0.337
18_7894609,0,0.653,0.313
18_7895766,0,0.693,0.337
18_7911826,1,0.24,0.506
18_7912543,1,0.24,0.506
18_7912672,1,0.24,0.506
18_7912810,1,0.24,0.506
18_7913194,1,0.24,0.506
18_7914371,1,0.24,0.506
18_7917542,1,0.24,0.506
18_7917763,1,0.24,0.506
18_7919219,1,0.24,0.506
18_7919731,1,0.24,0.506
18_7921669,1,0.24,0.506
18_7921676,1,0.24,0.506
18_7922173,1,0.24,0.506
18_7922618,1,0.24,0.506
18_7922933,1,0.24,0.506
18_7923845,1,0.24,0.506
18_8051287,0,0.12,0.325
18_8051287,2,0.333,0.133
18_8788149,1,0.413,0.12
18_10923455,0,0.333,0.108
18_10923455,2,0.173,0.349
18_10923810,0,0.333,0.108
18_10923810,2,0.173,0.349
18_13388581,0,0.08,0.386
18_13932615,0,0.493,0.241
18_23401135,2,0.347,0.145
18_24644132,1,0.493,0.229
18_31879983,0,0.493,0.229
18_62362005,0,0.573,0.253
18_62362059,0,0.573,0.253
18_62362210,0,0.68,0.337
18_62362210,1,0.24,0.518
18_63056554,2,0.387,0.145
18_63066340,2,0.387,0.145
18_63070247,2,0.387,0.145
18_63071953,2,0.387,0.145
18_63072017,2,0.387,0.145
18_68236912,0,0.52,0.217
18_73456083,2,0.493,0.181
18_78530727,0,0.253,0.542
18_79422003,0,0.32,0.084
18_79422003,2,0.187,0.41
19_1092512,0,0.187,0.41
19_1092512,2,0.333,0.084
19_1099507,0,0.44,0.205
19_3737243,0,0.293,0.614
19_3737916,0,0.24,0.554
19_11569819,2,0.24,0.518
19_11571225,2,0.253,0.542
19_11573720,2,0.227,0.53
19_11574355,2,0.227,0.542
19_11628733,0,0.173,0.349
19_11628733,2,0.387,0.145
19_12908740,1,0.453,0.169
19_12934922,1,0.44,0.169
19_14345934,0,0.307,0.614
19_14347741,0,0.307,0.614
19_14351309,0,0.307,0.614
19_17975788,2,0.28,0.566
19_29494155,2,0.44,0.157
19_39237900,0,0.373,0.12
19_39237900,2,0.133,0.325
19_45203435,0,0.133,0.313
19_45203435,2,0.467,0.205
19_45204240,0,0.133,0.313
19_45204240,2,0.467,0.205
19_45208252,0,0.133,0.313
19_45208252,2,0.453,0.205
19_51905573,0,0.707,0.337
19_51908245,0,0.707,0.337
19_51918308,0,0.707,0.337
19_51920136,0,0.707,0.337
19_51930214,0,0.72,0.349
19_51934008,0,0.707,0.349
19_51934008,1,0.24,0.53
19_51935094,1,0.253,0.53
19_51955164,0,0.707,0.349
19_51955164,1,0.24,0.53
19_51956003,0,0.707,0.349
19_51956003,1,0.24,0.53
19_51963425,1,0.24,0.518
19_51968150,1,0.24,0.518
19_51968516,1,0.24,0.518
19_51969042,1,0.24,0.518
19_51972314,0,0.707,0.349
19_51972314,1,0.24,0.53
19_51972830,1,0.24,0.518
19_51976380,0,0.707,0.349
19_51976380,1,0.24,0.53
19_51976784,1,0.253,0.518
19_51981396,0,0.707,0.337
19_51981396,1,0.253,0.53
19_51981489,0,0.707,0.337
19_51981489,1,0.253,0.53
19_51982640,0,0.72,0.313
19_51982640,1,0.227,0.53
19_51983050,0,0.707,0.301
19_51983050,1,0.24,0.542
19_51983287,0,0.707,0.301
19_51983287,1,0.24,0.542
19_51983373,0,0.707,0.301
19_51983373,1,0.24,0.542
19_51983874,0,0.72,0.313
19_51983874,1,0.227,0.53
19_51983908,0,0.707,0.301
19_51983908,1,0.24,0.542
19_51989099,1,0.253,0.554
19_51989790,1,0.253,0.554
19_51990223,1,0.253,0.554
19_51990407,0,0.693,0.289
19_51990407,1,0.253,0.554
19_51992059,1,0.253,0.554
19_51992127,1,0.253,0.554
19_51992393,1,0.253,0.554
19_51992395,1,0.253,0.554
19_51992431,1,0.253,0.554
19_51992550,1,0.253,0.554
19_51993997,1,0.253,0.554
19_51994690,1,0.253,0.554
19_51995077,0,0.693,0.289
19_51995077,1,0.253,0.554
19_51995091,1,0.253,0.554
19_51996508,0,0.693,0.289
19_51996508,1,0.253,0.554
19_51997889,0,0.693,0.289
19_51997889,1,0.253,0.554
19_51998379,1,0.253,0.554
19_51999459,1,0.253,0.554
19_52001237,1,0.253,0.542
19_52001667,1,0.253,0.542
19_53788157,0,0.347,0.12
19_53788157,2,0.173,0.434
19_55992318,0,0.267,0.602
19_55999851,0,0.307,0.614
19_56267672,0,0.12,0.398
20_831203,0,0.213,0.47
20_1405651,2,0.547,0.265
20_1408693,2,0.32,0.133
20_1408739,2,0.32,0.133
20_1408744,2,0.32,0.133
20_1408770,2,0.32,0.133
20_1408771,2,0.32,0.133
20_1409051,2,0.32,0.133
20_1409129,2,0.32,0.133
20_1409166,2,0.32,0.133
20_1409237,2,0.32,0.133
20_1409252,2,0.32,0.133
20_1409308,2,0.32,0.133
20_1409705,2,0.32,0.133
20_1410039,2,0.32,0.133
20_1418607,2,0.613,0.301
20_1423042,2,0.627,0.301
20_1449905,0,0.093,0.313
20_1449905,2,0.48,0.193
20_10666023,2,0.333,0.675
20_15083033,0,0.107,0.301
20_15083033,2,0.4,0.181
20_18261236,0,0.333,0.133
20_18261236,2,0.133,0.337
20_18263318,0,0.333,0.133
20_18263318,2,0.133,0.361
20_18264846,0,0.333,0.133
20_18264846,2,0.133,0.361
20_18265103,0,0.333,0.133
20_18265103,2,0.133,0.361
20_18265491,0,0.333,0.133
20_18265491,2,0.133,0.361
20_18267854,0,0.373,0.145
20_18267854,2,0.147,0.361
20_18268269,0,0.373,0.145
20_18268269,2,0.147,0.361
20_18274125,0,0.373,0.169
20_18274125,2,0.133,0.349
20_18295664,0,0.36,0.145
20_18295664,2,0.147,0.398
20_18310420,2,0.213,0.47
20_24548074,2,0.067,0.325
20_33292518,0,0.347,0.699
20_33292518,1,0.52,0.229
20_39671282,2,0.427,0.157
20_49526825,0,0.32,0.133
21_16641441,2,0.067,0.313
21_16641601,2,0.067,0.313
21_16641872,2,0.067,0.313
21_16641907,2,0.067,0.313
21_16641950,2,0.067,0.313
21_16643723,2,0.067,0.313
21_16643794,2,0.067,0.313
21_16643808,2,0.067,0.313
21_16643812,2,0.067,0.313
21_16643824,2,0.067,0.313
21_16643858,2,0.067,0.313
21_16643871,2,0.067,0.313
21_16644167,2,0.067,0.313
21_16644176,2,0.067,0.313
21_16644337,2,0.067,0.313
21_16644441,2,0.067,0.313
21_16644646,2,0.067,0.313
21_16645447,2,0.067,0.313
21_16645671,2,0.067,0.313
21_16645943,2,0.067,0.313
21_16646128,2,0.067,0.313
21_16646505,2,0.067,0.313
21_16647784,2,0.067,0.313
21_16647963,2,0.067,0.313
21_16649397,2,0.067,0.313
21_16650099,2,0.067,0.313
21_16652325,2,0.08,0.361
21_16653075,2,0.08,0.361
21_16655071,2,0.08,0.361
21_16656792,2,0.08,0.361
21_16656793,2,0.08,0.361
21_16660288,2,0.08,0.361
21_16663192,2,0.12,0.361
21_16666159,2,0.12,0.349
21_16667309,2,0.12,0.349
21_16671032,2,0.12,0.349
21_16671283,2,0.12,0.349
21_16672047,2,0.12,0.349
21_16672334,2,0.12,0.349
21_16672709,2,0.12,0.349
21_16673090,2,0.12,0.349
21_16673220,2,0.12,0.349
21_16673255,2,0.12,0.349
21_16673559,2,0.12,0.349
21_16673813,2,0.12,0.349
21_16673913,2,0.12,0.349
21_16674054,2,0.12,0.337
21_16674226,2,0.12,0.313
21_16674661,2,0.12,0.337
21_16675067,2,0.12,0.325
21_18630706,0,0.613,0.301
21_18650517,0,0.587,0.289
21_18651524,0,0.587,0.289
21_18654214,0,0.587,0.289
21_18654518,0,0.587,0.289
21_18661914,0,0.613,0.277
21_18661930,0,0.653,0.289
21_18662079,0,0.653,0.289
21_18662175,0,0.653,0.289
21_18662580,0,0.653,0.289
21_18662922,0,0.653,0.289
21_18663217,0,0.627,0.289
21_18663303,0,0.653,0.289
21_18663468,0,0.627,0.289
21_18663521,0,0.653,0.289
21_18664481,0,0.653,0.289
21_18664764,0,0.627,0.289
21_18665405,0,0.653,0.289
21_18665658,0,0.627,0.289
21_18665731,0,0.627,0.289
21_18666529,0,0.627,0.289
21_18666534,0,0.653,0.289
21_18666868,0,0.627,0.289
21_18667248,0,0.613,0.277
21_18668367,0,0.653,0.277
21_18668367,1,0.307,0.614
21_18668410,0,0.627,0.277
21_18668477,0,0.627,0.277
21_18668702,0,0.627,0.277
21_18668708,0,0.627,0.277
21_18668742,0,0.627,0.277
21_18668817,0,0.613,0.265
21_18670053,0,0.613,0.265
21_18670112,0,0.613,0.265
21_18670719,0,0.653,0.277
21_18670719,1,0.307,0.614
21_18673066,0,0.64,0.265
21_18673297,0,0.64,0.277
21_18677588,0,0.6,0.277
21_18678066,0,0.613,0.265
21_18678458,0,0.613,0.277
21_18681575,0,0.6,0.277
21_18682750,0,0.6,0.265
21_18684736,0,0.587,0.277
21_18685283,0,0.573,0.265
21_26229222,2,0.347,0.108
21_31859321,1,0.467,0.217
21_32156138,0,0.307,0.096
21_35177806,0,0.307,0.614
21_35179264,0,0.307,0.614
21_35188370,0,0.267,0.578
21_35188484,0,0.267,0.578
21_41631034,0,0.173,0.373
21_41769686,2,0.307,0.663
21_41771434,2,0.24,0.578
21_41778165,0,0.293,0.699
21_41778165,1,0.573,0.265
21_41778169,0,0.293,0.699
21_41778169,1,0.573,0.265
21_42459891,0,0.267,0.578
21_42470631,0,0.267,0.578
21_42525593,0,0.2,0.41
21_42525593,2,0.307,0.108
21_42530656,0,0.133,0.361
21_42530656,2,0.373,0.145
21_42531229,0,0.173,0.386
21_42531229,2,0.373,0.12
21_42531623,0,0.187,0.386
21_42531623,2,0.373,0.12
21_42531827,0,0.173,0.373
21_42531827,2,0.36,0.12
21_42531879,0,0.173,0.373
21_42531879,2,0.373,0.12
21_42532327,0,0.267,0.59
21_42532458,0,0.173,0.373
21_42532458,2,0.373,0.12
21_42534153,0,0.173,0.373
21_42534153,2,0.373,0.12
21_42546683,2,0.36,0.108
21_42546861,0,0.28,0.59
21_42547016,0,0.173,0.386
21_42547016,2,0.36,0.108
21_42547956,0,0.173,0.386
21_42547956,2,0.36,0.108
21_42549069,0,0.173,0.361
21_42549069,2,0.36,0.108
21_42549360,0,0.173,0.361
21_42549360,2,0.36,0.108
21_42559851,2,0.373,0.108
21_42561544,0,0.293,0.602
21_42561831,2,0.373,0.108
21_42562815,2,0.373,0.108
22_11214137,0,0.16,0.349
22_11214137,2,0.373,0.157
22_11215071,2,0.56,0.265
22_12315331,0,0.427,0.205
22_17307832,2,0.227,0.518
22_21572167,0,0.2,0.458
22_21628051,0,0.24,0.482
22_23507943,0,0.36,0.157
22_23507943,2,0.147,0.349
22_40263569,0,0.093,0.325
22_40263569,2,0.373,0.169
22_45212466,2,0.08,0.301
22_45213736,2,0.08,0.301
22_45219893,0,0.373,0.169
22_45219893,2,0.187,0.386
22_50447346,0,0.333,0.157
22_50447346,2,0.187,0.47
