position,Value,IBS,TSI
1_87539946,0,0.312,0.663
1_94074513,2,0.475,0.181
1_146878365,0,0.15,0.422
1_162920251,2,0.338,0.108
1_163429293,0,0.425,0.181
1_163429293,2,0.138,0.301
1_163444769,0,0.412,0.205
1_163449580,2,0.312,0.639
1_170544045,0,0.562,0.229
1_170550743,0,0.55,0.217
1_170553526,0,0.55,0.241
1_202645925,0,0.263,0.53
2_9704551,0,0.325,0.108
2_9710170,0,0.338,0.084
2_9711981,0,0.338,0.084
2_9713640,0,0.338,0.084
2_20965698,0,0.312,0.096
2_20966196,0,0.312,0.096
2_20969490,0,0.312,0.096
2_20969651,0,0.312,0.096
2_20973378,0,0.312,0.096
2_30341068,0,0.613,0.301
2_39066875,0,0.338,0.133
2_39528600,2,0.425,0.169
2_39528608,0,0.425,0.169
2_39528608,2,0.15,0.313
2_39530015,0,0.163,0.325
2_39530015,2,0.425,0.169
2_39537803,0,0.5,0.205
2_39537803,2,0.138,0.325
2_39544091,0,0.525,0.205
2_39550968,0,0.15,0.313
2_39550968,2,0.4,0.145
2_39551222,0,0.487,0.169
2_39551640,0,0.15,0.301
2_39551640,2,0.4,0.145
2_39552252,0,0.15,0.301
2_39552252,2,0.4,0.145
2_39553418,0,0.487,0.169
2_39554426,0,0.15,0.301
2_39554426,2,0.4,0.145
2_39555610,0,0.15,0.349
2_39555610,2,0.362,0.133
2_39562779,0,0.4,0.169
2_62877769,0,0.138,0.361
2_62877769,2,0.412,0.205
2_62939244,0,0.163,0.373
2_62939244,2,0.362,0.169
2_62943050,0,0.163,0.373
2_62943050,2,0.362,0.169
2_62950976,0,0.163,0.373
2_62950976,2,0.362,0.169
2_62986835,2,0.45,0.193
2_67041559,0,0.163,0.422
2_67041559,2,0.362,0.169
2_67042163,0,0.175,0.422
2_67042163,2,0.362,0.169
2_67051792,0,0.125,0.337
2_67051792,2,0.438,0.217
2_67059906,0,0.113,0.301
2_67059906,2,0.45,0.217
2_67060004,0,0.113,0.301
2_67060004,2,0.45,0.217
2_67060601,0,0.113,0.301
2_67060601,2,0.45,0.217
2_67060813,0,0.113,0.301
2_67060813,2,0.45,0.217
2_67061903,0,0.113,0.301
2_67061903,2,0.45,0.217
2_67064809,0,0.113,0.301
2_67064809,2,0.45,0.217
2_67069241,0,0.163,0.386
2_67069241,2,0.375,0.169
2_67077197,0,0.163,0.398
2_67077197,2,0.375,0.169
2_67078139,0,0.163,0.398
2_67078139,2,0.375,0.157
2_67085327,0,0.163,0.398
2_67085327,2,0.375,0.157
2_67103125,0,0.163,0.386
2_67103125,2,0.388,0.169
2_67107206,0,0.163,0.386
2_67107206,2,0.388,0.169
2_107914920,1,0.2,0.446
2_159868628,2,0.1,0.313
2_167482010,0,0.512,0.253
2_167483356,0,0.512,0.253
2_167495490,0,0.525,0.253
2_167497222,0,0.525,0.253
2_167513041,0,0.525,0.253
2_167519240,0,0.562,0.241
2_167520117,0,0.562,0.253
2_167520526,0,0.562,0.253
2_167522739,0,0.562,0.265
2_167522993,0,0.55,0.265
2_167525287,0,0.55,0.265
2_167525517,0,0.562,0.265
2_167526759,0,0.562,0.265
2_167528740,0,0.55,0.265
2_167529497,0,0.537,0.265
2_167539745,0,0.512,0.253
2_172993671,0,0.212,0.458
2_172996612,0,0.212,0.458
2_172996722,0,0.212,0.458
2_172999764,0,0.212,0.458
2_173004062,2,0.338,0.096
2_207674342,0,0.1,0.301
2_207674342,2,0.425,0.205
2_231745158,0,0.537,0.241
2_231746432,0,0.537,0.241
2_238458416,0,0.637,0.301
2_238459925,0,0.6,0.265
2_238460055,0,0.6,0.265
3_5834460,2,0.212,0.482
3_14506294,2,0.138,0.422
3_14509936,2,0.2,0.446
3_14518813,2,0.2,0.458
3_20429199,0,0.25,0.506
3_22673869,0,0.138,0.349
3_72372980,2,0.263,0.554
3_72447740,0,0.45,0.205
3_72447740,2,0.138,0.301
3_72455754,0,0.45,0.205
3_72455754,2,0.138,0.301
3_82486167,0,0.575,0.277
3_82584722,0,0.738,0.313
3_82584722,1,0.2,0.639
3_82596761,0,0.5,0.12
3_82624896,0,0.762,0.301
3_82624896,1,0.188,0.675
3_82648833,0,0.762,0.313
3_82648833,1,0.175,0.639
3_83881464,2,0.525,0.241
3_83884824,2,0.525,0.241
3_83891297,2,0.525,0.241
3_83891513,2,0.5,0.229
3_83894178,2,0.5,0.229
3_83894512,2,0.5,0.229
3_85998718,0,0.062,0.301
3_85998719,0,0.062,0.301
3_94487107,2,0.338,0.096
3_94487188,2,0.338,0.096
3_94487277,2,0.338,0.096
3_94487390,2,0.338,0.096
3_94487610,2,0.338,0.096
3_94487725,2,0.338,0.096
3_94487835,2,0.338,0.096
3_94488050,2,0.338,0.096
3_94488091,2,0.338,0.096
3_94488096,2,0.338,0.096
3_94488171,2,0.338,0.096
3_94488662,2,0.338,0.096
3_94488877,2,0.338,0.096
3_94488958,2,0.338,0.096
3_94489223,2,0.338,0.096
3_94489260,2,0.338,0.096
3_94489263,2,0.338,0.096
3_94489511,2,0.338,0.096
3_94489957,2,0.338,0.096
3_94490290,2,0.338,0.096
3_94491352,2,0.338,0.096
3_94491489,2,0.338,0.096
3_94491594,2,0.338,0.096
3_94491885,2,0.338,0.096
3_94491895,2,0.338,0.096
3_94492242,2,0.338,0.096
3_94492286,2,0.338,0.096
3_94492288,2,0.338,0.096
3_94492511,2,0.338,0.096
3_94492535,2,0.338,0.096
3_94492729,2,0.338,0.096
3_94492966,2,0.338,0.096
3_94493010,2,0.35,0.096
3_94493020,2,0.35,0.096
3_94493038,2,0.35,0.096
3_94493147,2,0.338,0.096
3_94493243,2,0.338,0.096
3_94493278,2,0.338,0.096
3_94493421,2,0.338,0.096
3_94493744,2,0.338,0.096
3_94493844,2,0.338,0.096
3_94493916,2,0.338,0.096
3_94494239,2,0.338,0.096
3_94494346,2,0.338,0.096
3_94494347,2,0.338,0.096
3_94494406,2,0.338,0.096
3_94494629,2,0.338,0.096
3_94494786,2,0.338,0.096
3_94495116,2,0.338,0.096
3_94495309,2,0.338,0.096
3_94495440,2,0.338,0.096
3_94495465,2,0.338,0.096
3_94496299,2,0.338,0.096
3_94496456,2,0.325,0.096
3_94497029,2,0.338,0.096
3_94497124,2,0.338,0.096
3_94497152,2,0.338,0.096
3_94497257,2,0.338,0.096
3_94497279,2,0.338,0.096
3_94497457,2,0.338,0.096
3_94497632,2,0.338,0.096
3_94498340,2,0.338,0.096
3_94498401,2,0.338,0.096
3_94498716,2,0.338,0.096
3_94498767,2,0.338,0.096
3_94498928,2,0.338,0.096
3_94499013,2,0.338,0.096
3_94499621,2,0.338,0.096
3_94500587,2,0.338,0.096
3_94500989,2,0.338,0.096
3_94501077,2,0.338,0.096
3_94501545,2,0.338,0.096
3_94502231,2,0.338,0.096
3_94502853,2,0.338,0.096
3_94502865,2,0.338,0.096
3_94503867,2,0.338,0.096
3_94503888,2,0.338,0.096
3_94505311,2,0.35,0.096
3_94505551,2,0.35,0.096
3_94507258,2,0.338,0.096
3_94507724,2,0.338,0.096
3_94508417,2,0.338,0.096
3_94509283,2,0.338,0.096
3_94509944,2,0.338,0.096
3_94511603,2,0.35,0.096
3_94511628,2,0.35,0.096
3_94511879,2,0.338,0.096
3_94513723,2,0.338,0.096
3_94515460,2,0.338,0.096
3_94516309,2,0.338,0.096
3_94517452,2,0.338,0.096
3_94517502,2,0.338,0.096
3_94517896,2,0.338,0.096
3_94518377,2,0.338,0.096
3_94518392,2,0.338,0.096
3_94518634,2,0.338,0.096
3_94519178,2,0.338,0.096
3_94519417,2,0.338,0.096
3_94519490,2,0.338,0.096
3_94520881,2,0.338,0.096
3_94521943,2,0.338,0.096
3_94522453,2,0.338,0.096
3_94522970,2,0.338,0.096
3_94523109,2,0.338,0.096
3_94523384,2,0.338,0.096
3_94523617,2,0.338,0.096
3_94523700,2,0.338,0.096
3_94524343,2,0.338,0.096
3_94525498,2,0.338,0.096
3_94525660,2,0.338,0.096
3_94526319,2,0.338,0.096
3_94526651,2,0.338,0.096
3_94527162,2,0.338,0.096
3_94528245,2,0.338,0.096
3_94528741,2,0.338,0.096
3_94528891,2,0.338,0.096
3_94529128,2,0.338,0.096
3_94529208,2,0.338,0.096
3_94529270,2,0.338,0.096
3_94529645,2,0.338,0.096
3_94529864,2,0.338,0.096
3_94531186,2,0.338,0.108
3_94531188,2,0.338,0.108
3_94531286,2,0.338,0.096
3_115430183,2,0.138,0.458
3_119397217,2,0.537,0.229
3_119409781,2,0.537,0.229
3_124905219,2,0.512,0.217
4_6193305,0,0.338,0.108
4_6193305,2,0.2,0.422
4_6194685,0,0.338,0.12
4_6194685,2,0.2,0.434
4_6195755,0,0.35,0.133
4_6195755,2,0.188,0.434
4_40847595,2,0.225,0.47
4_41788174,0,0.175,0.458
4_41788583,0,0.188,0.458
4_57705664,2,0.175,0.422
4_58107173,0,0.225,0.518
4_58108621,2,0.4,0.145
4_58108705,2,0.4,0.145
4_58108731,2,0.4,0.145
4_58109037,2,0.4,0.145
4_58109044,2,0.4,0.145
4_58109045,2,0.4,0.145
4_58110115,2,0.4,0.145
4_58110139,2,0.4,0.145
4_87426997,2,0.263,0.542
4_87438799,2,0.263,0.542
4_87439517,2,0.263,0.542
4_87444335,2,0.25,0.542
4_87445994,2,0.25,0.542
4_87450666,2,0.25,0.542
4_87455630,2,0.275,0.554
4_87457563,2,0.263,0.542
4_87459928,2,0.25,0.542
4_87461323,2,0.263,0.542
4_87462922,2,0.263,0.542
4_87465386,0,0.4,0.181
4_87465386,2,0.113,0.349
4_122017390,0,0.388,0.193
4_122017390,2,0.125,0.373
4_122017479,2,0.075,0.325
4_122017545,0,0.388,0.193
4_122017545,2,0.125,0.373
4_139135279,0,0.362,0.133
4_139135279,2,0.125,0.325
4_170310905,0,0.3,0.12
4_170310905,2,0.225,0.458
4_170311247,0,0.3,0.12
4_170311247,2,0.225,0.458
4_170311501,0,0.3,0.12
4_170311501,2,0.225,0.458
4_170312706,0,0.3,0.12
4_170312706,2,0.225,0.458
4_170313026,0,0.3,0.12
4_170313026,2,0.225,0.47
4_170316016,0,0.3,0.12
4_170316016,2,0.225,0.458
4_170316650,0,0.3,0.12
4_170316650,2,0.225,0.458
4_170316675,0,0.3,0.12
4_170316675,2,0.225,0.458
4_170316732,0,0.3,0.12
4_170316732,2,0.225,0.47
4_170316812,0,0.3,0.12
4_170316812,2,0.225,0.458
4_170317343,0,0.3,0.12
4_170317343,2,0.225,0.47
4_170317778,0,0.3,0.12
4_170317778,2,0.225,0.458
4_170317780,0,0.3,0.12
4_170317780,2,0.225,0.458
4_170317786,0,0.3,0.12
4_170317786,2,0.225,0.458
4_170318241,0,0.3,0.12
4_170318241,2,0.225,0.458
4_170318292,0,0.3,0.12
4_170318292,2,0.225,0.458
4_170320849,0,0.3,0.12
4_170320849,2,0.225,0.458
4_170323657,0,0.3,0.12
4_170323657,2,0.225,0.458
4_170324420,0,0.3,0.12
4_170324420,2,0.225,0.458
4_170324757,0,0.3,0.12
4_170324757,2,0.225,0.458
4_170327012,0,0.3,0.12
4_170327012,2,0.225,0.458
4_170328201,0,0.3,0.12
4_170328201,2,0.225,0.458
4_170330144,0,0.3,0.12
4_170331043,0,0.3,0.12
4_170331127,0,0.3,0.12
5_3815881,0,0.15,0.325
5_3815881,2,0.375,0.145
5_3820926,0,0.15,0.325
5_3820926,2,0.375,0.145
5_3821020,0,0.15,0.325
5_3821020,2,0.375,0.145
5_3826224,0,0.15,0.325
5_3826224,2,0.375,0.145
5_170688519,0,0.475,0.193
5_170703164,0,0.675,0.337
5_170741976,2,0.675,0.337
6_3910820,2,0.338,0.084
6_3913111,0,0.15,0.313
6_3913111,2,0.4,0.133
6_3913396,0,0.15,0.313
6_3913396,2,0.388,0.133
6_3913566,0,0.15,0.313
6_3913566,2,0.388,0.12
6_3919685,0,0.138,0.313
6_3919685,2,0.425,0.157
6_3922294,0,0.138,0.313
6_3922294,2,0.425,0.145
6_3922991,0,0.138,0.313
6_3922991,2,0.425,0.157
6_25880266,1,0.15,0.446
6_25881340,1,0.15,0.446
6_25882414,1,0.15,0.446
6_25883920,1,0.188,0.458
6_25884436,1,0.15,0.446
6_25886269,1,0.188,0.458
6_25887866,1,0.188,0.458
6_25889256,1,0.188,0.458
6_25889325,1,0.188,0.458
6_25933310,1,0.237,0.494
6_25940165,1,0.237,0.494
6_25960281,1,0.237,0.494
6_25975655,1,0.237,0.53
6_25990139,1,0.25,0.518
6_25992081,1,0.237,0.518
6_26001660,1,0.225,0.518
6_29185017,0,0.312,0.145
6_29185017,2,0.2,0.434
6_29197529,0,0.312,0.145
6_29197529,2,0.2,0.446
6_29204534,0,0.312,0.145
6_29204534,2,0.2,0.446
6_29208519,0,0.312,0.145
6_29208519,2,0.2,0.446
6_29214531,0,0.312,0.145
6_29214531,2,0.2,0.446
6_29215569,0,0.312,0.145
6_29215569,2,0.2,0.446
6_29217510,0,0.312,0.145
6_29217510,2,0.2,0.446
6_29222283,0,0.312,0.145
6_29222283,2,0.2,0.446
6_29223634,0,0.312,0.145
6_29223634,2,0.2,0.446
6_29226008,0,0.312,0.145
6_29226008,2,0.2,0.446
6_31477568,0,0.525,0.253
6_46950299,0,0.225,0.47
6_90382125,0,0.287,0.602
6_131193754,0,0.412,0.169
6_131193754,2,0.163,0.337
6_131194610,0,0.412,0.181
6_131194610,2,0.15,0.325
6_131197754,0,0.4,0.169
6_154503982,0,0.487,0.229
6_165821902,2,0.175,0.398
7_2302751,0,0.25,0.506
7_118930227,0,0.2,0.446
7_118930227,2,0.312,0.145
7_118931388,0,0.25,0.506
7_118992418,2,0.15,0.386
7_119014599,2,0.15,0.386
7_119136336,2,0.15,0.398
7_119136341,2,0.15,0.398
7_119137907,2,0.15,0.398
7_119138705,2,0.15,0.398
7_119138748,2,0.15,0.398
7_119139280,2,0.15,0.398
7_119165453,2,0.15,0.41
7_119211580,2,0.138,0.398
8_5722075,0,0.35,0.145
8_5722075,2,0.2,0.422
8_5725559,2,0.212,0.458
8_19062210,1,0.212,0.446
8_141554864,0,0.138,0.325
8_141557643,0,0.138,0.325
8_141557716,0,0.138,0.325
8_141557771,0,0.138,0.325
8_141558167,0,0.138,0.325
8_141558459,0,0.138,0.325
8_141558594,0,0.138,0.325
8_141560317,0,0.138,0.325
8_141560501,0,0.138,0.325
8_141560619,0,0.138,0.325
8_141561074,0,0.138,0.325
8_141561201,0,0.138,0.325
8_141561275,0,0.138,0.325
8_141562040,0,0.138,0.325
8_141562065,0,0.138,0.325
8_141562101,0,0.138,0.325
8_141562310,0,0.138,0.325
8_141563030,0,0.138,0.325
8_141563089,0,0.138,0.325
8_141563147,0,0.138,0.325
8_141563363,0,0.138,0.325
8_141563487,0,0.138,0.325
8_141563553,0,0.138,0.325
8_141564139,0,0.138,0.325
9_9032872,0,0.15,0.41
9_70969779,0,0.562,0.265
9_112922935,0,0.263,0.602
9_112923218,0,0.263,0.602
10_3678206,1,0.175,0.47
10_3681506,1,0.25,0.506
10_3689858,1,0.15,0.47
10_3690023,1,0.15,0.47
10_3696091,1,0.15,0.47
10_3699852,1,0.15,0.47
10_31620191,2,0.312,0.12
10_54283900,2,0.138,0.398
10_54284302,2,0.138,0.398
10_54287029,2,0.125,0.398
10_54287995,2,0.125,0.398
10_54288114,2,0.125,0.398
10_54288330,2,0.138,0.398
10_54290047,2,0.125,0.398
10_54291661,0,0.3,0.133
10_54291661,2,0.138,0.398
10_54294992,0,0.3,0.133
10_54294992,2,0.125,0.398
10_54295564,0,0.3,0.133
10_54295564,2,0.138,0.398
10_54295841,0,0.3,0.133
10_54295841,2,0.125,0.398
10_54302697,2,0.125,0.41
10_54311392,2,0.113,0.398
10_54311478,2,0.113,0.398
10_54311846,2,0.125,0.398
10_54312510,2,0.125,0.398
10_54313160,2,0.125,0.398
10_54313429,2,0.125,0.398
10_54314758,0,0.3,0.133
10_54314758,2,0.113,0.373
10_54314851,0,0.3,0.133
10_54314851,2,0.113,0.373
10_54314862,0,0.3,0.133
10_54314862,2,0.113,0.373
10_54315591,0,0.3,0.133
10_54315591,2,0.113,0.373
10_54315861,0,0.3,0.133
10_54315861,2,0.113,0.373
10_54316822,0,0.3,0.133
10_54316822,2,0.113,0.373
10_54316844,0,0.3,0.133
10_54316844,2,0.1,0.373
10_54316859,0,0.3,0.133
10_54316859,2,0.1,0.373
10_54317215,0,0.3,0.133
10_54317215,2,0.113,0.373
10_54317977,0,0.3,0.133
10_54317977,2,0.113,0.373
10_54318520,0,0.3,0.133
10_54318520,2,0.113,0.373
10_54320341,0,0.3,0.133
10_54320341,2,0.113,0.386
10_54320377,0,0.3,0.133
10_54320377,2,0.113,0.386
10_54321367,0,0.3,0.133
10_54321367,2,0.113,0.386
10_54321717,0,0.3,0.133
10_54321717,2,0.113,0.386
10_54321891,0,0.3,0.133
10_54321891,2,0.113,0.386
10_54322814,0,0.3,0.133
10_54322814,2,0.113,0.386
10_54324484,0,0.3,0.133
10_54324484,2,0.113,0.386
10_54325188,0,0.3,0.133
10_54325188,2,0.113,0.386
10_54325723,0,0.3,0.133
10_54325723,2,0.113,0.386
10_54327538,0,0.3,0.133
10_54327538,2,0.125,0.386
10_54333780,0,0.3,0.133
10_54333780,2,0.125,0.386
10_54334680,0,0.3,0.133
10_54334680,2,0.125,0.386
10_54348871,2,0.15,0.458
11_15194681,0,0.287,0.614
11_15221051,2,0.3,0.627
11_15222397,2,0.3,0.627
11_15230886,2,0.287,0.602
11_15232404,2,0.287,0.602
11_105333339,2,0.113,0.337
11_122159482,0,0.225,0.518
11_122172012,0,0.25,0.518
11_122173583,0,0.25,0.518
11_131971373,0,0.388,0.169
11_131971373,2,0.125,0.325
12_8613789,0,0.375,0.169
12_8613789,2,0.138,0.386
12_11325747,0,0.2,0.458
12_53709293,1,0.412,0.096
12_53709341,1,0.412,0.096
12_53749323,1,0.362,0.157
12_53749374,1,0.362,0.157
12_68435330,0,0.412,0.193
12_70402949,2,0.2,0.458
12_70404625,2,0.2,0.458
12_70405024,2,0.212,0.458
12_70421975,0,0.4,0.181
12_70421975,2,0.113,0.301
12_70428794,0,0.188,0.434
12_70440879,0,0.188,0.446
12_92756748,0,0.575,0.241
12_92766444,0,0.588,0.265
12_92816556,0,0.625,0.265
12_92933233,2,0.625,0.265
12_93011876,2,0.3,0.12
12_93011959,0,0.175,0.41
12_131233055,0,0.487,0.217
12_131334056,0,0.362,0.12
13_60343149,0,0.263,0.554
13_60343928,0,0.263,0.554
13_60344319,0,0.263,0.554
13_60348869,0,0.263,0.554
13_60348998,0,0.263,0.554
13_101413563,2,0.55,0.253
13_101413892,2,0.55,0.253
13_101414673,2,0.55,0.253
13_101415002,2,0.55,0.253
13_101416217,2,0.55,0.241
13_101416724,2,0.55,0.241
13_101423125,2,0.525,0.241
13_101423202,2,0.525,0.241
13_101423306,2,0.525,0.241
13_112882997,0,0.362,0.145
14_51237538,2,0.15,0.337
14_52360896,0,0.138,0.301
14_52360896,2,0.438,0.181
14_70124944,2,0.1,0.313
14_70146130,0,0.463,0.193
14_70146130,2,0.1,0.325
14_70165030,0,0.562,0.241
14_70171439,0,0.562,0.253
14_85700316,2,0.5,0.193
14_85700765,2,0.5,0.181
14_85700832,2,0.5,0.181
14_85701267,2,0.5,0.181
14_85701988,2,0.5,0.181
14_85718761,0,0.512,0.241
14_85718775,0,0.512,0.241
14_85718828,0,0.512,0.241
14_85718894,0,0.512,0.241
14_85719161,0,0.512,0.241
14_85719286,0,0.512,0.241
14_85719585,0,0.512,0.241
14_85720114,0,0.512,0.241
14_85720142,0,0.512,0.241
14_85720345,0,0.512,0.241
14_85720784,0,0.512,0.241
14_85720789,0,0.512,0.241
14_85721107,0,0.512,0.241
14_85721518,0,0.512,0.241
14_85721526,0,0.512,0.241
14_85724625,0,0.2,0.446
14_85726781,2,0.5,0.217
14_85726887,2,0.188,0.386
14_85727086,2,0.188,0.386
14_85727169,2,0.188,0.386
14_85727249,2,0.188,0.386
14_85727665,2,0.188,0.386
14_85727704,2,0.188,0.386
14_85727907,0,0.2,0.446
14_85728415,2,0.188,0.386
14_85728558,2,0.188,0.386
14_85728958,2,0.188,0.386
14_85732456,0,0.525,0.241
14_85732595,0,0.525,0.241
14_85735603,0,0.45,0.157
14_85741383,0,0.338,0.145
14_85741383,2,0.2,0.41
14_85741443,0,0.338,0.145
14_85741443,2,0.2,0.41
14_85741445,0,0.338,0.145
14_85741445,2,0.2,0.41
14_85799226,2,0.325,0.096
15_55780028,0,0.438,0.217
15_62273600,0,0.45,0.205
15_62273600,2,0.15,0.313
15_62634805,2,0.2,0.506
15_62635852,2,0.2,0.506
15_62636069,2,0.2,0.506
15_62637007,2,0.2,0.506
15_62637642,2,0.2,0.506
15_62637725,2,0.2,0.506
15_62639233,2,0.188,0.506
15_76533662,1,0.588,0.289
15_76542027,1,0.588,0.289
15_76548491,1,0.588,0.289
15_76615035,1,0.588,0.289
15_76748851,1,0.588,0.289
16_81769109,2,0.325,0.072
16_81769892,0,0.338,0.133
16_81771367,0,0.325,0.096
17_29635179,0,0.425,0.205
17_29643504,0,0.4,0.181
17_29643504,2,0.075,0.301
17_29644667,0,0.4,0.181
17_29644667,2,0.075,0.301
17_29649579,0,0.325,0.145
17_29649579,2,0.125,0.361
17_29651437,0,0.412,0.181
17_29651437,2,0.075,0.301
17_29651448,0,0.325,0.145
17_29651448,2,0.125,0.349
17_29653867,0,0.4,0.181
17_29653867,2,0.075,0.301
17_29670591,0,0.338,0.133
17_29670591,2,0.138,0.386
17_29671169,0,0.325,0.133
17_29671169,2,0.15,0.386
17_29671367,0,0.325,0.133
17_29671367,2,0.15,0.386
17_29674464,0,0.412,0.169
17_29674464,2,0.087,0.313
17_29680424,0,0.325,0.133
17_29680424,2,0.15,0.386
17_29683610,0,0.412,0.169
17_29683610,2,0.087,0.313
17_29687430,0,0.412,0.169
17_29687430,2,0.087,0.313
17_29692073,0,0.412,0.169
17_29692073,2,0.087,0.313
17_29692134,0,0.338,0.133
17_29692134,2,0.138,0.386
17_29692275,0,0.412,0.169
17_29692275,2,0.087,0.313
17_29693361,0,0.412,0.169
17_29693361,2,0.087,0.313
17_29696124,0,0.412,0.169
17_29696124,2,0.087,0.313
17_29698510,0,0.412,0.169
17_29698510,2,0.087,0.313
17_29698931,0,0.338,0.133
17_29698931,2,0.125,0.373
17_29702705,0,0.412,0.169
17_29702705,2,0.087,0.313
17_29702920,0,0.338,0.133
17_29702920,2,0.138,0.386
17_29703249,0,0.412,0.169
17_29703249,2,0.087,0.313
17_29704257,0,0.338,0.133
17_29704257,2,0.138,0.386
17_29704863,0,0.412,0.169
17_29704863,2,0.087,0.313
17_29707996,0,0.338,0.133
17_29707996,2,0.125,0.373
17_29709332,0,0.338,0.133
17_29709332,2,0.125,0.373
17_29710905,0,0.338,0.133
17_29710905,2,0.138,0.386
17_29712737,0,0.338,0.133
17_29712737,2,0.138,0.386
17_29712768,0,0.338,0.133
17_29712768,2,0.138,0.386
17_29713385,0,0.338,0.133
17_29713385,2,0.138,0.386
17_29714609,0,0.412,0.169
17_29714609,2,0.087,0.313
17_29715491,0,0.325,0.133
17_29715491,2,0.15,0.386
17_29715524,0,0.412,0.169
17_29715524,2,0.087,0.313
17_29717083,0,0.338,0.133
17_29717083,2,0.138,0.386
17_29718726,0,0.338,0.133
17_29718726,2,0.138,0.386
17_29722381,0,0.138,0.386
17_29722381,2,0.338,0.133
17_29722786,0,0.087,0.313
17_29722786,2,0.412,0.169
17_29724122,0,0.15,0.386
17_29724122,2,0.325,0.133
17_29728330,0,0.15,0.386
17_29728330,2,0.325,0.133
17_29729594,0,0.1,0.337
17_29729594,2,0.388,0.157
17_29730077,0,0.138,0.386
17_29730077,2,0.338,0.133
17_29730506,0,0.138,0.386
17_29730506,2,0.338,0.133
17_29732952,0,0.087,0.313
17_29732952,2,0.412,0.169
17_29734112,0,0.138,0.386
17_29734112,2,0.338,0.133
17_29736257,0,0.1,0.337
17_29736257,2,0.388,0.157
17_29736585,0,0.15,0.386
17_29736585,2,0.325,0.133
17_29737480,0,0.15,0.386
17_29737480,2,0.325,0.133
17_29738261,0,0.087,0.313
17_29738261,2,0.412,0.169
17_29738555,0,0.138,0.373
17_29738555,2,0.338,0.145
17_29738560,0,0.138,0.373
17_29738560,2,0.338,0.145
17_29739734,0,0.138,0.398
17_29739734,2,0.338,0.133
17_29743089,0,0.138,0.386
17_29743089,2,0.338,0.133
17_29744778,0,0.087,0.301
17_29744778,2,0.412,0.181
17_29745158,0,0.138,0.373
17_29745158,2,0.338,0.145
17_29745309,0,0.087,0.313
17_29745309,2,0.4,0.181
17_29746229,0,0.138,0.386
17_29746229,2,0.338,0.133
17_29747545,0,0.138,0.373
17_29747545,2,0.35,0.145
17_29749199,0,0.138,0.373
17_29749199,2,0.338,0.145
17_29750454,0,0.087,0.325
17_29750454,2,0.4,0.181
17_29756059,0,0.138,0.373
17_29756059,2,0.338,0.145
17_29757956,0,0.087,0.301
17_29757956,2,0.412,0.181
17_29758154,0,0.087,0.301
17_29758154,2,0.412,0.181
17_29761441,0,0.087,0.325
17_29761441,2,0.4,0.169
17_29761795,0,0.138,0.386
17_29761795,2,0.338,0.133
17_29761841,0,0.138,0.386
17_29761841,2,0.338,0.133
17_29762733,0,0.087,0.325
17_29762733,2,0.4,0.169
17_29763006,0,0.087,0.313
17_29763006,2,0.412,0.169
17_29764011,0,0.15,0.386
17_29764011,2,0.325,0.133
17_29764144,0,0.138,0.386
17_29764144,2,0.338,0.133
17_29764935,0,0.138,0.386
17_29764935,2,0.338,0.133
17_29765785,0,0.15,0.386
17_29765785,2,0.325,0.133
17_29770762,0,0.138,0.386
17_29770762,2,0.338,0.133
17_29770842,0,0.087,0.313
17_29770842,2,0.412,0.169
17_29771201,0,0.138,0.386
17_29771201,2,0.338,0.133
17_29771984,0,0.138,0.386
17_29771984,2,0.338,0.133
17_29774705,0,0.15,0.386
17_29774705,2,0.325,0.133
17_29775481,0,0.138,0.386
17_29775481,2,0.338,0.133
17_29778742,0,0.15,0.386
17_29778742,2,0.325,0.133
17_29779100,0,0.087,0.301
17_29779100,2,0.412,0.169
17_29779856,0,0.15,0.386
17_29779856,2,0.325,0.133
17_29783156,0,0.138,0.386
17_29783156,2,0.338,0.133
17_29784968,0,0.138,0.386
17_29784968,2,0.338,0.133
17_29786105,0,0.087,0.313
17_29786105,2,0.4,0.169
17_29793412,0,0.138,0.386
17_29793412,2,0.338,0.133
17_29793470,0,0.138,0.386
17_29793470,2,0.338,0.12
17_29793652,0,0.138,0.386
17_29793652,2,0.338,0.133
17_29793833,0,0.15,0.386
17_29793833,2,0.325,0.133
17_29794148,0,0.087,0.301
17_29794148,2,0.412,0.157
17_29794514,0,0.087,0.313
17_29794514,2,0.4,0.169
17_29801639,0,0.138,0.386
17_29801639,2,0.338,0.133
17_29804316,0,0.087,0.301
17_29804316,2,0.412,0.169
17_29808490,0,0.138,0.386
17_29808490,2,0.338,0.133
17_29812274,0,0.113,0.325
17_29812274,2,0.388,0.157
17_29813839,0,0.338,0.133
17_29813839,2,0.15,0.386
17_29817710,0,0.412,0.169
17_29817710,2,0.1,0.301
17_29819050,0,0.388,0.157
17_29819050,2,0.1,0.325
17_29821099,0,0.412,0.169
17_29821099,2,0.1,0.301
17_29822467,0,0.412,0.169
17_29822467,2,0.1,0.313
17_29823567,0,0.325,0.133
17_29823567,2,0.163,0.386
17_29831797,0,0.412,0.169
17_29831797,2,0.1,0.301
17_29834464,0,0.338,0.133
17_29834464,2,0.15,0.386
17_29835940,0,0.338,0.133
17_29835940,2,0.163,0.386
17_29837039,0,0.338,0.133
17_29837039,2,0.125,0.386
17_29837245,0,0.338,0.12
17_29837245,2,0.125,0.398
17_29837935,0,0.338,0.133
17_29837935,2,0.15,0.386
17_29840656,0,0.412,0.169
17_29840656,2,0.1,0.301
17_29840923,0,0.325,0.133
17_29840923,2,0.15,0.386
17_29841555,0,0.388,0.169
17_29841555,2,0.113,0.313
17_29842473,0,0.425,0.169
17_29842473,2,0.1,0.301
17_29842475,0,0.425,0.169
17_29842475,2,0.1,0.301
17_29843364,0,0.388,0.169
17_29843364,2,0.113,0.313
17_29846265,0,0.388,0.169
17_29846265,2,0.1,0.313
17_29846641,0,0.412,0.169
17_29846641,2,0.087,0.301
17_29846960,0,0.388,0.169
17_29846960,2,0.1,0.313
17_29849296,0,0.338,0.145
17_29849296,2,0.15,0.386
17_29849563,0,0.388,0.169
17_29849563,2,0.1,0.313
17_29851706,0,0.388,0.169
17_29851706,2,0.1,0.313
17_29852048,0,0.35,0.145
17_29852048,2,0.138,0.373
17_29855667,0,0.388,0.169
17_29855667,2,0.1,0.313
17_29856041,0,0.388,0.169
17_29856041,2,0.1,0.313
17_29856156,0,0.388,0.169
17_29856156,2,0.113,0.325
17_29859539,0,0.338,0.145
17_29859539,2,0.138,0.373
17_29859755,0,0.338,0.145
17_29859755,2,0.138,0.373
17_29860578,0,0.388,0.169
17_29860578,2,0.1,0.313
17_29861093,0,0.388,0.169
17_29861093,2,0.1,0.313
17_29861536,0,0.338,0.145
17_29861536,2,0.15,0.386
17_29861657,0,0.412,0.169
17_29861657,2,0.087,0.301
17_29863078,0,0.388,0.169
17_29863078,2,0.1,0.313
17_29863943,0,0.388,0.169
17_29863943,2,0.1,0.313
17_29865767,0,0.388,0.169
17_29865767,2,0.1,0.313
17_29868755,0,0.338,0.145
17_29868755,2,0.15,0.361
17_29869096,0,0.388,0.169
17_29869096,2,0.1,0.313
17_29876155,0,0.338,0.145
17_29876155,2,0.15,0.386
17_29878155,0,0.325,0.133
17_29878155,2,0.15,0.386
17_29878718,0,0.388,0.169
17_29878718,2,0.1,0.313
17_29879308,0,0.388,0.169
17_29879308,2,0.1,0.313
17_29881107,0,0.338,0.145
17_29881107,2,0.138,0.361
17_29882041,0,0.425,0.169
17_29882047,0,0.412,0.169
17_29882073,0,0.412,0.169
17_29882164,0,0.412,0.169
17_29883685,0,0.338,0.145
17_29883685,2,0.138,0.373
17_29885645,0,0.338,0.145
17_29885645,2,0.138,0.373
17_29887155,0,0.388,0.169
17_29887155,2,0.1,0.313
17_29888528,0,0.4,0.169
17_29888528,2,0.087,0.313
17_29890035,0,0.412,0.169
17_29890035,2,0.087,0.301
17_29894758,0,0.388,0.169
17_29894758,2,0.1,0.313
17_29896964,0,0.338,0.145
17_29896964,2,0.138,0.373
17_29897869,0,0.325,0.133
17_29897869,2,0.15,0.386
17_29899814,0,0.412,0.169
17_29899814,2,0.087,0.301
17_29903341,0,0.4,0.169
17_29903341,2,0.087,0.313
17_29904586,0,0.388,0.169
17_29904586,2,0.1,0.313
17_29905031,0,0.412,0.169
17_29905031,2,0.087,0.301
17_29905488,0,0.338,0.145
17_29905488,2,0.138,0.373
17_29906742,0,0.388,0.169
17_29906742,2,0.1,0.313
17_29908202,0,0.4,0.169
17_29908202,2,0.087,0.313
17_29908969,0,0.388,0.169
17_29908969,2,0.1,0.313
17_29908999,0,0.325,0.145
17_29908999,2,0.15,0.386
17_29910071,0,0.412,0.169
17_29910071,2,0.087,0.301
17_29912484,0,0.325,0.133
17_29912484,2,0.15,0.386
17_29915907,0,0.388,0.169
17_29915907,2,0.1,0.313
17_29916455,0,0.412,0.169
17_29916455,2,0.087,0.301
17_29917104,0,0.338,0.145
17_29917104,2,0.138,0.373
17_29917268,0,0.388,0.169
17_29917268,2,0.1,0.313
17_29919340,0,0.4,0.169
17_29919340,2,0.087,0.313
17_29919925,0,0.388,0.169
17_29919925,2,0.1,0.313
17_29919995,0,0.412,0.169
17_29919995,2,0.087,0.301
17_29936962,0,0.425,0.205
17_29948077,0,0.425,0.205
17_29950933,0,0.425,0.205
17_29952573,0,0.412,0.193
17_29964204,0,0.425,0.193
17_29978656,0,0.425,0.193
17_29986176,0,0.412,0.193
17_29990639,0,0.425,0.193
17_29993455,0,0.425,0.193
17_29995917,0,0.425,0.193
17_30003262,2,0.412,0.193
17_30004448,2,0.425,0.193
17_30005089,2,0.425,0.193
17_30006367,2,0.425,0.193
17_30008070,2,0.425,0.193
17_30008931,2,0.425,0.193
17_30014067,2,0.425,0.193
17_30017258,2,0.412,0.193
17_30022077,2,0.425,0.193
17_30022448,2,0.425,0.193
17_30025101,2,0.412,0.193
17_30030029,2,0.425,0.193
17_30030062,2,0.425,0.193
17_30034651,2,0.425,0.193
17_30034951,2,0.425,0.193
17_30054123,2,0.425,0.193
17_30059262,2,0.425,0.193
17_30061469,2,0.425,0.193
17_30062085,2,0.425,0.193
17_30064058,2,0.412,0.193
17_30066781,0,0.438,0.193
17_30067729,2,0.412,0.193
17_30069703,2,0.412,0.193
17_30071959,2,0.425,0.193
17_30073498,2,0.412,0.193
17_30076330,2,0.425,0.193
17_30079090,2,0.412,0.193
17_30080269,2,0.425,0.193
17_30082246,0,0.125,0.337
17_30082246,2,0.35,0.157
17_30083106,0,0.125,0.337
17_30083106,2,0.35,0.157
17_30087841,2,0.425,0.193
17_30090358,2,0.425,0.193
17_30091023,2,0.425,0.193
17_30094364,0,0.425,0.193
17_30096070,0,0.425,0.193
17_30099998,0,0.425,0.193
17_30100880,0,0.425,0.193
17_30102557,0,0.425,0.193
17_30103285,0,0.425,0.193
17_30106257,0,0.375,0.157
17_30106257,2,0.113,0.301
17_30110617,0,0.425,0.193
17_30111252,0,0.425,0.193
17_30111859,0,0.425,0.193
17_30113120,0,0.425,0.193
17_30114572,0,0.425,0.193
17_30114586,0,0.425,0.193
17_30117236,0,0.425,0.193
17_30122017,0,0.425,0.193
17_30126735,0,0.425,0.193
17_30127405,0,0.425,0.193
17_30139239,0,0.425,0.193
17_30142764,0,0.425,0.193
17_30144230,0,0.425,0.193
17_30146238,0,0.425,0.193
17_30148711,0,0.425,0.193
17_30149979,0,0.425,0.193
17_30152836,0,0.425,0.193
17_30154181,0,0.4,0.193
17_30155470,0,0.438,0.193
17_30158215,0,0.438,0.193
17_30158744,0,0.4,0.193
17_30159358,0,0.4,0.193
17_30161218,0,0.438,0.193
17_30162652,0,0.438,0.193
17_30164011,0,0.438,0.193
17_30165787,0,0.438,0.193
17_30166787,0,0.4,0.193
17_30168003,0,0.438,0.193
17_30168654,0,0.438,0.193
17_30169412,0,0.412,0.193
17_30169762,0,0.412,0.193
17_30173447,0,0.438,0.193
17_30175624,0,0.4,0.193
17_30175633,0,0.4,0.193
17_30177371,0,0.4,0.193
17_30178006,0,0.4,0.193
17_30180003,0,0.412,0.193
17_30180398,0,0.438,0.193
17_30180675,0,0.438,0.193
17_30181890,0,0.4,0.193
17_30182584,0,0.438,0.193
17_30184960,0,0.4,0.193
17_30186158,0,0.438,0.193
17_30188170,0,0.438,0.193
17_30188461,0,0.438,0.193
17_30188726,0,0.438,0.193
17_30189854,0,0.438,0.193
17_30190349,0,0.4,0.193
17_30190436,0,0.438,0.193
17_30196708,0,0.4,0.193
17_30197786,0,0.438,0.193
17_30197993,0,0.412,0.193
17_30199457,0,0.438,0.193
17_30200635,0,0.438,0.193
17_30201824,0,0.438,0.193
17_30202007,0,0.4,0.193
17_30226621,0,0.45,0.217
17_41501085,2,0.237,0.53
17_56961129,2,0.125,0.386
17_56966646,2,0.125,0.386
17_56983994,2,0.113,0.325
17_78164800,2,0.087,0.301
17_78179743,2,0.062,0.301
18_3395376,1,0.15,0.434
18_3395402,1,0.15,0.434
18_52854421,0,0.375,0.12
18_68562087,1,0.338,0.157
18_68562089,1,0.338,0.157
18_76580312,2,0.188,0.41
18_76581030,2,0.175,0.41
18_76587925,2,0.325,0.157
18_76587926,2,0.325,0.157
19_8874569,0,0.25,0.518
19_20140528,2,0.525,0.253
19_35492929,0,0.2,0.482
19_35499070,0,0.175,0.398
19_35499070,2,0.312,0.12
19_35500141,2,0.312,0.12
19_35501136,2,0.312,0.12
19_35531450,1,0.487,0.181
19_35539546,1,0.5,0.181
20_921288,0,0.138,0.313
20_921288,2,0.425,0.193
20_1706047,0,0.188,0.41
20_1706503,0,0.188,0.41
20_1709856,0,0.2,0.434
20_1720982,0,0.225,0.47
20_1721012,0,0.225,0.47
20_1721022,0,0.225,0.47
20_1723273,0,0.225,0.458
20_2540965,0,0.65,0.289
20_2540965,1,0.275,0.566
20_50449059,2,0.525,0.241
20_50450004,2,0.5,0.241
20_50450127,2,0.525,0.241
20_50450179,2,0.55,0.265
20_50450260,2,0.512,0.241
20_50450334,2,0.525,0.241
20_50451137,2,0.5,0.241
20_50487216,2,0.525,0.253
21_32154780,0,0.412,0.133
21_32154780,2,0.2,0.41
21_32154886,0,0.412,0.133
21_32154886,2,0.2,0.41
21_32155156,2,0.188,0.398
21_32156138,2,0.188,0.434
22_16882022,2,0.412,0.145
22_26634987,0,0.1,0.325
22_26635034,0,0.1,0.325
