position,Value,CEU,IBS
1_37966219,2,0.135,0.362
1_50339096,2,0.149,0.388
1_50341757,0,0.149,0.388
1_50343622,0,0.149,0.388
1_50346167,0,0.149,0.388
1_50346233,0,0.149,0.388
1_50347721,0,0.149,0.388
1_50348343,0,0.149,0.388
1_50350904,2,0.149,0.4
1_50352415,0,0.149,0.388
1_50357208,0,0.149,0.388
1_51560712,2,0.135,0.35
1_51583308,2,0.135,0.35
1_54641346,0,0.257,0.525
1_56000600,0,0.392,0.113
1_56004927,0,0.392,0.113
1_56023140,0,0.419,0.113
1_56027763,2,0.405,0.113
1_56037414,0,0.459,0.175
1_56039628,0,0.405,0.087
1_56045810,0,0.459,0.175
1_56047225,0,0.459,0.175
1_56049702,0,0.459,0.175
1_56050199,0,0.405,0.087
1_56051062,0,0.405,0.087
1_56053350,0,0.459,0.175
1_56053508,0,0.459,0.175
1_56060261,0,0.392,0.087
1_56062426,0,0.392,0.087
1_56062549,0,0.392,0.087
1_56077202,0,0.392,0.087
1_56078401,0,0.392,0.1
1_56081578,0,0.392,0.1
1_56097249,0,0.392,0.1
1_56105559,0,0.392,0.1
1_56108684,0,0.378,0.1
1_56116300,2,0.324,0.1
1_59546535,2,0.324,0.075
1_76931439,0,0.162,0.35
1_76931602,0,0.162,0.35
1_76932162,0,0.162,0.35
1_76932311,0,0.162,0.35
1_76932382,0,0.162,0.35
1_76932757,0,0.162,0.35
1_76933062,0,0.162,0.338
1_76933570,0,0.162,0.35
1_76934075,0,0.162,0.35
1_76934308,0,0.162,0.35
1_76935667,0,0.162,0.35
1_76936208,0,0.162,0.35
1_76936910,0,0.162,0.35
1_76937147,0,0.162,0.35
1_76937669,0,0.162,0.35
1_76937938,0,0.162,0.35
1_76938276,0,0.162,0.35
1_76938932,0,0.162,0.35
1_76939599,0,0.162,0.35
1_84916424,2,0.216,0.512
1_93567019,2,0.419,0.175
1_93568885,2,0.419,0.175
1_93569241,2,0.432,0.188
1_93574637,2,0.405,0.188
1_93579040,2,0.405,0.175
1_95358126,2,0.176,0.362
1_95358277,2,0.176,0.362
1_95358419,2,0.176,0.362
1_95358487,2,0.176,0.362
1_95358848,2,0.176,0.362
1_95358952,2,0.176,0.362
1_95359139,2,0.176,0.362
1_95367055,2,0.176,0.362
1_107734153,0,0.608,0.25
1_107737363,0,0.608,0.25
1_107737363,1,0.284,0.575
1_110063942,0,0.135,0.3
1_110063942,2,0.486,0.225
1_110063984,2,0.514,0.25
1_110064053,2,0.514,0.237
1_110064324,2,0.514,0.25
1_110064397,2,0.514,0.25
1_110066666,2,0.514,0.25
1_110069264,2,0.514,0.237
1_110070303,0,0.135,0.3
1_110070303,2,0.486,0.225
1_110071778,2,0.5,0.225
1_110091391,2,0.554,0.25
1_110097374,2,0.405,0.15
1_110121426,0,0.338,0.7
1_110121426,1,0.608,0.287
1_110372675,0,0.243,0.487
1_145887112,0,0.176,0.45
1_154739882,0,0.095,0.325
1_154835811,2,0.149,0.325
1_156872544,2,0.365,0.087
1_169611052,0,0.216,0.463
1_169611052,2,0.311,0.125
1_169614758,0,0.216,0.475
1_172163386,2,0.216,0.5
1_198768851,2,0.5,0.188
1_215205230,0,0.473,0.225
1_215419154,2,0.135,0.325
1_215424262,2,0.135,0.325
1_215429733,2,0.135,0.325
1_215433247,2,0.135,0.325
1_215458157,2,0.135,0.325
1_230489882,0,0.095,0.362
1_230489882,2,0.378,0.175
1_230490489,0,0.108,0.375
1_230492866,0,0.108,0.375
1_230495232,0,0.108,0.375
1_230497444,0,0.108,0.375
2_1784620,2,0.446,0.212
2_1784631,2,0.446,0.212
2_1825002,0,0.027,0.3
2_10027085,0,0.108,0.325
2_11482542,0,0.095,0.312
2_85146626,2,0.514,0.25
2_85147357,2,0.527,0.25
2_85147359,2,0.527,0.25
2_85147878,2,0.527,0.25
2_85148009,2,0.527,0.25
2_85148998,2,0.527,0.25
2_85151698,2,0.514,0.237
2_85152533,0,0.027,0.362
2_88438485,2,0.068,0.3
2_101435940,2,0.135,0.475
2_136181867,1,0.27,0.562
2_136187459,1,0.27,0.562
2_136188863,1,0.27,0.55
2_136191141,1,0.27,0.55
2_136192174,1,0.27,0.55
2_139335230,2,0.27,0.625
2_139336856,2,0.27,0.637
2_158812246,2,0.527,0.263
2_177709154,0,0.189,0.425
2_177796398,2,0.176,0.388
2_177963089,2,0.189,0.388
2_177963338,2,0.189,0.388
2_177963522,2,0.189,0.388
2_177963663,2,0.189,0.388
2_177963780,2,0.189,0.388
2_177964804,2,0.189,0.388
2_177964912,2,0.189,0.388
2_177965832,2,0.189,0.388
2_177966810,2,0.189,0.388
2_177968679,2,0.189,0.388
2_177969325,2,0.189,0.388
2_177970984,2,0.189,0.388
2_177971902,2,0.189,0.388
2_177973084,2,0.189,0.388
2_177988651,0,0.189,0.388
2_177989333,0,0.189,0.388
2_178078062,0,0.203,0.412
2_178088682,0,0.203,0.412
2_178090036,0,0.23,0.475
2_191837681,2,0.365,0.138
2_211811381,0,0.23,0.5
2_232348814,0,0.297,0.662
2_232349152,0,0.324,0.675
2_232355301,0,0.297,0.675
2_232361510,0,0.311,0.637
2_232363351,1,0.514,0.25
2_232363545,1,0.514,0.25
2_232364469,1,0.514,0.25
2_232365032,1,0.514,0.25
2_232366578,1,0.5,0.25
2_232367354,1,0.5,0.25
2_232367601,1,0.5,0.25
2_232368341,1,0.486,0.237
2_234766787,0,0.135,0.3
2_234786584,0,0.378,0.15
2_234786584,2,0.176,0.388
2_234787408,0,0.365,0.125
2_234789077,0,0.365,0.125
2_234789077,2,0.176,0.362
2_234789434,0,0.365,0.125
2_234789434,2,0.176,0.362
2_234789730,0,0.365,0.125
2_234789730,2,0.176,0.362
2_235710411,2,0.338,0.087
3_1772384,2,0.338,0.125
3_1772399,0,0.419,0.175
3_1773813,0,0.378,0.138
3_1773813,2,0.135,0.3
3_1783676,0,0.378,0.113
3_1786283,0,0.378,0.113
3_11461659,0,0.162,0.338
3_11461659,2,0.446,0.212
3_26900593,0,0.311,0.138
3_26900593,2,0.162,0.4
3_26910624,0,0.351,0.163
3_26910624,2,0.149,0.362
3_26912603,0,0.351,0.163
3_26912603,2,0.149,0.362
3_35067593,0,0.581,0.25
3_35072148,0,0.581,0.25
3_35073104,0,0.581,0.25
3_35075528,0,0.581,0.25
3_35084547,0,0.581,0.25
3_35089166,0,0.581,0.25
3_35089632,0,0.581,0.25
3_35093044,0,0.581,0.25
3_35098082,0,0.581,0.25
3_35100756,0,0.581,0.25
3_35100846,0,0.581,0.25
3_35104592,0,0.581,0.25
3_35104742,0,0.581,0.25
3_35105016,0,0.581,0.25
3_35105543,0,0.581,0.237
3_35110570,0,0.581,0.25
3_35111516,0,0.581,0.25
3_35112576,0,0.581,0.25
3_35125884,0,0.581,0.25
3_35128048,0,0.581,0.25
3_35128477,0,0.581,0.25
3_35129502,0,0.581,0.25
3_35130597,0,0.581,0.25
3_35133761,0,0.581,0.25
3_35136556,0,0.581,0.25
3_35136572,0,0.581,0.25
3_35142993,0,0.581,0.25
3_64033530,2,0.162,0.325
3_64034771,2,0.162,0.325
3_64072607,2,0.162,0.35
3_64074452,2,0.162,0.362
3_64098356,0,0.162,0.4
3_64110446,0,0.162,0.412
3_64110446,2,0.378,0.175
3_64110947,2,0.176,0.412
3_64111500,0,0.162,0.412
3_64112180,2,0.162,0.463
3_65963294,0,0.365,0.163
3_65963294,2,0.189,0.425
3_65963591,2,0.189,0.4
3_65966077,0,0.189,0.438
3_75951982,0,0.149,0.35
3_75951982,2,0.324,0.113
3_75957961,0,0.149,0.362
3_75957961,2,0.324,0.113
3_111342698,2,0.446,0.175
3_111343594,2,0.446,0.175
3_111350809,2,0.446,0.175
3_111355757,2,0.446,0.175
3_111357900,2,0.446,0.175
3_111358201,0,0.149,0.3
3_111358201,2,0.446,0.175
3_113928972,2,0.108,0.375
3_117111765,0,0.459,0.2
3_120268583,0,0.189,0.475
3_123167327,0,0.419,0.15
3_124780651,0,0.635,0.3
3_133977441,0,0.405,0.175
3_151871183,2,0.176,0.487
3_166866461,2,0.203,0.45
3_166867396,2,0.216,0.45
3_166872167,2,0.216,0.45
3_166873102,2,0.216,0.45
3_166877838,2,0.216,0.45
3_166879286,2,0.216,0.45
3_166879777,2,0.216,0.45
3_166880953,2,0.216,0.45
3_166882771,2,0.216,0.45
3_166882896,2,0.216,0.45
3_166887399,2,0.216,0.45
3_166888165,2,0.216,0.45
3_166889765,2,0.216,0.45
3_166891002,2,0.216,0.45
3_166896176,2,0.216,0.45
3_166898422,2,0.216,0.45
3_166900260,2,0.216,0.45
3_166900876,2,0.216,0.45
3_166901089,2,0.216,0.45
3_166902999,2,0.216,0.45
3_166909390,2,0.216,0.45
3_166910366,2,0.216,0.45
3_166912120,2,0.216,0.45
3_166915121,2,0.216,0.45
3_166921321,2,0.216,0.45
3_166922326,2,0.216,0.45
3_166923332,2,0.216,0.45
3_166927137,2,0.216,0.45
3_166930144,2,0.216,0.45
3_166930648,2,0.216,0.45
3_166931148,2,0.216,0.45
3_166934304,2,0.203,0.438
3_166938704,2,0.162,0.425
3_166944787,2,0.162,0.425
3_166947738,2,0.162,0.425
3_166951121,2,0.162,0.425
3_166954428,2,0.162,0.425
3_166961274,2,0.122,0.412
3_166962175,2,0.122,0.412
3_166973444,2,0.122,0.412
3_166977837,2,0.122,0.4
3_166985287,2,0.149,0.4
3_167885040,0,0.378,0.188
3_167885040,2,0.081,0.3
3_167885129,0,0.378,0.188
3_167885129,2,0.081,0.3
3_170401564,2,0.311,0.125
3_174840574,2,0.216,0.575
3_174846812,2,0.216,0.575
3_174863036,2,0.203,0.562
3_174864098,2,0.203,0.562
3_184727928,0,0.203,0.45
3_184728281,0,0.203,0.438
3_184737247,0,0.203,0.425
3_190316019,0,0.351,0.15
4_56297537,2,0.446,0.138
4_56298923,0,0.473,0.175
4_56303282,0,0.446,0.163
4_56303341,0,0.446,0.163
4_89263277,2,0.203,0.537
4_92530009,2,0.135,0.3
4_104253634,2,0.27,0.55
4_112861770,0,0.392,0.163
4_112861770,2,0.122,0.3
4_112904713,1,0.23,0.55
4_112908311,0,0.527,0.263
4_112909729,1,0.23,0.55
4_112911065,1,0.23,0.55
4_112933523,1,0.23,0.525
4_126064868,1,0.176,0.438
4_140075014,0,0.297,0.637
4_153722093,1,0.419,0.2
4_153723385,1,0.419,0.2
4_153724071,1,0.405,0.188
4_153724441,1,0.405,0.188
4_153730833,1,0.446,0.175
4_153730876,1,0.446,0.175
4_153731082,1,0.446,0.175
4_153731295,1,0.446,0.175
4_159389699,0,0.149,0.325
4_159389699,2,0.419,0.188
4_181286485,0,0.23,0.463
4_181767119,2,0.378,0.175
4_181767165,2,0.392,0.175
5_1654153,2,0.162,0.375
5_1654155,2,0.162,0.375
5_4286823,0,0.378,0.163
5_4288432,0,0.351,0.15
5_4288432,2,0.189,0.4
5_26150480,0,0.459,0.2
5_56543337,0,0.176,0.475
5_56547371,0,0.189,0.475
5_56551154,0,0.189,0.475
5_56553145,0,0.189,0.475
5_56554004,0,0.189,0.487
5_59121180,0,0.162,0.4
5_65483117,0,0.135,0.338
5_65484909,0,0.135,0.338
5_65485009,0,0.135,0.338
5_65485790,0,0.122,0.3
5_65487576,0,0.135,0.338
5_65488135,0,0.135,0.338
5_65489477,0,0.135,0.338
5_65489977,0,0.135,0.338
5_65490341,0,0.135,0.338
5_65491026,0,0.135,0.338
5_65491364,0,0.135,0.338
5_65491711,0,0.135,0.338
5_65491811,0,0.135,0.338
5_65491877,0,0.135,0.338
5_65492749,0,0.135,0.338
5_65493016,0,0.135,0.338
5_65494122,0,0.122,0.3
5_65496049,0,0.122,0.3
5_65496392,0,0.122,0.3
5_65497012,0,0.122,0.3
5_65499002,0,0.135,0.338
5_65499369,0,0.135,0.338
5_65501113,2,0.135,0.338
5_65501216,2,0.135,0.338
5_65501426,2,0.135,0.338
5_65502255,2,0.135,0.338
5_65504178,2,0.135,0.338
5_65505504,2,0.135,0.338
5_65508871,2,0.135,0.338
5_65510541,2,0.135,0.338
5_65511815,2,0.135,0.338
5_65513510,2,0.135,0.338
5_65514159,2,0.135,0.338
5_65514855,2,0.135,0.338
5_65517469,2,0.135,0.338
5_65518765,2,0.135,0.338
5_65519477,2,0.135,0.338
5_65520073,2,0.135,0.338
5_65520819,2,0.135,0.338
5_65520998,2,0.135,0.338
5_65521726,2,0.135,0.338
5_65521757,2,0.135,0.338
5_65522293,2,0.135,0.338
5_65523932,2,0.135,0.338
5_65524509,2,0.135,0.338
5_65525919,2,0.135,0.338
5_65526204,2,0.135,0.338
5_65526955,2,0.135,0.338
5_65527665,2,0.135,0.338
5_65528703,2,0.135,0.338
5_65531454,2,0.135,0.338
5_65533431,2,0.135,0.338
5_65533997,2,0.135,0.338
5_65534939,2,0.135,0.338
5_65534963,2,0.122,0.3
5_65535690,2,0.135,0.338
5_65535968,2,0.135,0.325
5_65536728,2,0.135,0.338
5_65541278,2,0.135,0.338
5_65542051,2,0.135,0.338
5_65542757,2,0.135,0.338
5_65542931,2,0.135,0.338
5_65543235,2,0.135,0.338
5_65543523,2,0.135,0.338
5_65544453,2,0.135,0.338
5_65546227,2,0.135,0.338
5_65546709,2,0.135,0.338
5_65547198,2,0.135,0.338
5_65547435,2,0.122,0.3
5_65547608,2,0.135,0.338
5_65547916,2,0.135,0.338
5_65549892,2,0.135,0.338
5_65550049,2,0.135,0.338
5_65550409,2,0.135,0.338
5_65551853,2,0.135,0.338
5_65552025,2,0.135,0.338
5_65552095,2,0.135,0.338
5_65552911,2,0.122,0.3
5_65553874,0,0.135,0.338
5_65554307,0,0.135,0.338
5_65554392,0,0.135,0.338
5_65555585,0,0.135,0.338
5_65555910,0,0.162,0.388
5_65555910,2,0.392,0.188
5_65556359,0,0.135,0.338
5_65558797,0,0.135,0.338
5_65558887,0,0.135,0.338
5_65558888,0,0.135,0.338
5_65559126,0,0.162,0.388
5_65559126,2,0.392,0.188
5_65559895,0,0.162,0.388
5_65559895,2,0.392,0.188
5_65561236,0,0.135,0.338
5_65563200,0,0.135,0.35
5_65564097,0,0.122,0.3
5_65564099,0,0.122,0.3
5_65564275,0,0.122,0.3
5_65566101,0,0.122,0.3
5_65566375,0,0.122,0.3
5_65566985,0,0.122,0.3
5_65567861,0,0.122,0.3
5_65568005,0,0.122,0.3
5_65568397,0,0.122,0.3
5_65568830,0,0.122,0.3
5_65569241,0,0.122,0.3
5_65570767,0,0.122,0.3
5_65571099,0,0.122,0.3
5_65573797,0,0.122,0.3
5_65574919,0,0.122,0.3
5_65575267,0,0.122,0.3
5_65577317,0,0.122,0.3
5_65578229,0,0.122,0.3
5_65581028,0,0.122,0.3
5_65581164,0,0.122,0.3
5_65582076,0,0.122,0.3
5_65583775,0,0.122,0.3
5_65585354,0,0.122,0.3
5_65585751,0,0.122,0.3
5_65586109,0,0.122,0.3
5_65587883,0,0.122,0.3
5_65588028,0,0.122,0.3
5_65590058,0,0.122,0.3
5_65592088,0,0.122,0.3
5_65592244,0,0.122,0.3
5_65593252,0,0.122,0.3
5_65593808,0,0.122,0.3
5_65594123,0,0.122,0.3
5_65594652,0,0.122,0.3
5_65595612,0,0.122,0.3
5_65596147,0,0.122,0.3
5_65596200,0,0.122,0.3
5_65596784,0,0.122,0.3
5_65598455,0,0.122,0.3
5_65598621,0,0.122,0.3
5_65601228,0,0.122,0.3
5_65602236,0,0.122,0.3
5_65605175,0,0.122,0.3
5_65605826,0,0.122,0.3
5_65606019,0,0.122,0.3
5_65607759,0,0.122,0.3
5_65608502,0,0.122,0.3
5_65608802,0,0.122,0.3
5_65609953,0,0.122,0.3
5_65611237,0,0.122,0.3
5_65612058,0,0.122,0.3
5_65614941,0,0.122,0.3
5_65617050,0,0.122,0.3
5_65620070,0,0.122,0.3
5_65620263,0,0.122,0.3
5_65620814,0,0.122,0.3
5_65621022,0,0.122,0.3
5_65621167,0,0.122,0.3
5_65621335,0,0.122,0.3
5_65621426,0,0.122,0.3
5_65621813,0,0.122,0.3
5_65623623,0,0.122,0.3
5_65624164,0,0.122,0.3
5_65624664,0,0.122,0.3
5_65624976,0,0.122,0.3
5_65625925,0,0.122,0.3
5_65626520,0,0.122,0.3
5_65627579,0,0.122,0.3
5_65629243,0,0.122,0.3
5_65629384,0,0.122,0.3
5_65630488,0,0.122,0.3
5_65632539,0,0.122,0.3
5_65632627,0,0.122,0.3
5_65632951,0,0.122,0.3
5_65633487,0,0.122,0.3
5_65635051,0,0.122,0.3
5_65635686,0,0.122,0.3
5_65637359,0,0.122,0.3
5_65637360,0,0.122,0.3
5_65638407,0,0.122,0.3
5_65638564,0,0.122,0.3
5_65640409,0,0.122,0.3
5_65640424,0,0.122,0.3
5_65641011,0,0.122,0.3
5_65641043,0,0.122,0.3
5_65641376,0,0.122,0.3
5_65644803,0,0.122,0.3
5_65645176,0,0.122,0.3
5_65646972,0,0.122,0.3
5_65647665,0,0.122,0.3
5_65648995,0,0.122,0.3
5_65649302,0,0.122,0.3
5_65649554,0,0.122,0.3
5_65649743,0,0.122,0.3
5_65649888,0,0.122,0.3
5_65651009,0,0.122,0.3
5_65651382,0,0.122,0.3
5_65651526,0,0.122,0.3
5_65651954,0,0.122,0.3
5_65652784,0,0.122,0.3
5_65653338,0,0.122,0.3
5_65654822,0,0.122,0.3
5_65655206,0,0.122,0.3
5_65657043,0,0.122,0.3
5_65657085,0,0.122,0.3
5_65658201,0,0.122,0.3
5_65658813,0,0.122,0.3
5_65660539,0,0.122,0.3
5_65661600,0,0.122,0.3
5_65661859,0,0.122,0.3
5_65663822,0,0.122,0.3
5_65665193,0,0.122,0.3
5_65667646,0,0.122,0.3
5_65668769,0,0.122,0.3
5_65669930,0,0.122,0.312
5_65670691,0,0.122,0.3
5_65670922,0,0.122,0.3
5_72150164,2,0.108,0.362
5_72152136,2,0.108,0.375
5_72154118,2,0.108,0.375
5_72162295,0,0.189,0.438
5_104867942,2,0.378,0.138
5_104886777,2,0.405,0.163
5_114065816,0,0.081,0.312
5_115387409,2,0.095,0.388
5_115387805,0,0.095,0.4
5_147932231,2,0.378,0.138
5_147932679,2,0.378,0.138
5_147933252,2,0.378,0.138
5_147937005,2,0.378,0.138
5_147939352,2,0.324,0.113
5_154397876,2,0.378,0.163
5_166236148,2,0.365,0.15
5_168428563,0,0.581,0.237
5_168436095,1,0.311,0.637
5_168436188,1,0.284,0.637
5_168439844,1,0.284,0.588
5_168445376,2,0.108,0.325
5_168445765,2,0.108,0.325
5_174524026,1,0.527,0.237
5_178328432,2,0.176,0.45
6_1554469,2,0.203,0.438
6_6065527,0,0.135,0.325
6_6065527,2,0.378,0.163
6_29681316,1,0.216,0.487
6_29682432,1,0.216,0.475
6_29682701,1,0.203,0.438
6_29682864,1,0.203,0.438
6_29684691,1,0.216,0.463
6_29687336,1,0.216,0.463
6_29689535,1,0.216,0.463
6_29690164,1,0.23,0.463
6_29691578,1,0.216,0.463
6_29691589,1,0.216,0.463
6_29692699,1,0.216,0.463
6_29693204,1,0.216,0.463
6_29693641,1,0.216,0.463
6_29693918,1,0.216,0.463
6_29762351,1,0.23,0.487
6_30275458,2,0.176,0.463
6_30275459,2,0.176,0.463
6_30307469,2,0.176,0.463
6_30966674,1,0.527,0.188
6_30966674,2,0.338,0.738
6_31011426,2,0.081,0.312
6_31316570,2,0.149,0.375
6_31357416,0,0.581,0.275
6_31357422,0,0.581,0.275
6_31515359,2,0.081,0.3
6_31871717,2,0.27,0.575
6_31907935,1,0.419,0.175
6_31908265,1,0.419,0.175
6_32223680,1,0.243,0.5
6_32619388,0,0.527,0.237
6_32620680,0,0.432,0.2
6_32633199,0,0.432,0.188
6_32633266,0,0.419,0.188
6_32633353,0,0.459,0.212
6_32633377,0,0.473,0.212
6_32633435,0,0.446,0.2
6_32633466,0,0.432,0.2
6_32633483,0,0.432,0.2
6_32633674,0,0.432,0.2
6_32633684,0,0.432,0.188
6_32633787,0,0.432,0.188
6_32642537,2,0.095,0.312
6_32654134,2,0.176,0.45
6_33235561,2,0.243,0.487
6_33236965,2,0.243,0.5
6_33240971,2,0.23,0.487
6_33248125,2,0.243,0.5
6_33261233,2,0.243,0.5
6_33273358,2,0.243,0.5
6_33273392,2,0.243,0.5
6_33276864,2,0.162,0.4
6_33280397,2,0.243,0.5
6_33647016,0,0.176,0.438
6_56283880,0,0.622,0.3
6_94050187,0,0.432,0.2
6_103419075,0,0.243,0.487
6_105816867,0,0.311,0.125
6_105843330,0,0.257,0.6
6_105844446,0,0.27,0.613
6_105844555,0,0.27,0.613
6_105844582,0,0.27,0.613
6_111775142,2,0.108,0.388
6_111775978,2,0.108,0.388
6_111776862,0,0.392,0.175
6_111776862,2,0.108,0.3
6_111777061,2,0.189,0.487
6_111777693,2,0.189,0.487
6_111778594,2,0.189,0.487
6_111780522,2,0.189,0.487
6_111780572,2,0.189,0.487
6_111780804,2,0.108,0.4
6_111785089,2,0.122,0.388
6_111785882,2,0.122,0.388
6_124465714,0,0.149,0.4
6_124502870,0,0.176,0.475
6_136011962,0,0.473,0.225
6_156649275,2,0.662,0.325
7_4998756,2,0.0,0.312
7_5292991,0,0.649,0.312
7_5293077,0,0.649,0.312
7_5295209,0,0.635,0.3
7_7111877,2,0.162,0.325
7_8140216,1,0.5,0.25
7_8233062,0,0.459,0.212
7_8233062,2,0.108,0.35
7_8233249,2,0.122,0.388
7_17691926,0,0.27,0.55
7_17759368,0,0.149,0.325
7_17767867,0,0.122,0.312
7_17952391,0,0.095,0.35
7_18082952,0,0.135,0.35
7_25952357,0,0.581,0.287
7_25957916,0,0.486,0.237
7_26526241,2,0.135,0.338
7_26526454,2,0.135,0.338
7_26526768,2,0.135,0.338
7_26527351,2,0.135,0.338
7_26529349,2,0.108,0.338
7_26537943,2,0.108,0.338
7_35315281,1,0.554,0.275
7_35317885,2,0.473,0.2
7_71208617,0,0.27,0.55
7_71208922,0,0.27,0.55
7_71209597,0,0.27,0.55
7_71210886,0,0.27,0.55
7_71210916,0,0.27,0.55
7_71211323,0,0.27,0.55
7_71211337,0,0.27,0.55
7_71211381,0,0.27,0.55
7_71211968,0,0.27,0.55
7_71212016,0,0.27,0.55
7_71212543,0,0.27,0.55
7_71213625,0,0.27,0.55
7_71213682,0,0.27,0.55
7_71213735,0,0.27,0.55
7_71213827,0,0.27,0.55
7_71214332,2,0.324,0.1
7_71214460,0,0.27,0.55
7_71214939,0,0.27,0.55
7_71214962,0,0.27,0.55
7_71215053,0,0.27,0.55
7_71215068,0,0.27,0.55
7_71215312,0,0.27,0.55
7_71215383,0,0.27,0.55
7_71215683,0,0.27,0.55
7_71216913,0,0.27,0.55
7_71217721,0,0.27,0.55
7_71217853,0,0.27,0.55
7_71218031,0,0.27,0.55
7_71218373,0,0.27,0.55
7_71218809,0,0.27,0.55
7_71219000,0,0.27,0.55
7_71219305,2,0.311,0.1
7_71219328,0,0.27,0.55
7_71219667,0,0.27,0.55
7_71220203,0,0.27,0.55
7_71220448,0,0.27,0.55
7_71220553,0,0.27,0.55
7_71220569,0,0.27,0.55
7_71220607,0,0.27,0.55
7_71220825,0,0.27,0.55
7_71221099,0,0.27,0.55
7_71221540,0,0.27,0.55
7_71221639,0,0.27,0.55
7_71222553,0,0.27,0.55
7_71222927,0,0.27,0.55
7_71223518,0,0.27,0.55
7_71223764,2,0.311,0.1
7_71224309,0,0.27,0.55
7_71224610,0,0.27,0.55
7_71224679,0,0.27,0.55
7_71225093,0,0.27,0.55
7_71225732,0,0.27,0.55
7_71225881,0,0.27,0.55
7_71226925,0,0.27,0.55
7_71227247,2,0.311,0.1
7_88650733,2,0.568,0.225
7_88651696,2,0.568,0.225
7_88658384,2,0.568,0.212
7_88664737,2,0.568,0.237
7_88665687,2,0.568,0.237
7_88667399,2,0.568,0.237
7_101559786,0,0.122,0.338
7_101577646,0,0.378,0.188
7_101577646,2,0.149,0.412
7_101580738,2,0.189,0.475
7_103935138,0,0.189,0.388
7_103935138,2,0.351,0.138
7_103935242,0,0.189,0.388
7_103935242,2,0.351,0.125
7_103936552,0,0.189,0.388
7_103936552,2,0.351,0.138
7_103940824,1,0.541,0.163
7_106598772,0,0.527,0.237
7_116042384,0,0.527,0.225
7_116048536,0,0.541,0.225
7_116053849,0,0.541,0.225
7_116302548,0,0.378,0.1
7_116313489,0,0.405,0.113
7_116313518,0,0.405,0.113
7_116315208,0,0.405,0.113
7_116316075,0,0.405,0.113
7_116316388,0,0.405,0.113
7_116319151,0,0.405,0.113
7_116319698,0,0.405,0.1
7_129527127,2,0.203,0.487
7_129527472,0,0.311,0.138
7_129527472,2,0.176,0.425
7_129528257,2,0.095,0.35
7_129528758,2,0.095,0.35
7_129529638,2,0.108,0.35
7_129529642,2,0.095,0.35
7_129530172,2,0.095,0.35
7_129530882,2,0.203,0.487
7_129534886,0,0.405,0.175
7_129534886,2,0.122,0.3
7_129548646,2,0.324,0.65
7_129550390,2,0.324,0.65
7_129555106,0,0.108,0.375
7_129559320,0,0.149,0.4
7_129559320,2,0.311,0.113
7_129559646,0,0.149,0.4
7_129559935,0,0.149,0.4
7_129561286,0,0.149,0.4
7_129565927,0,0.189,0.438
7_129568242,0,0.27,0.613
7_129570163,0,0.27,0.613
7_129578250,1,0.324,0.1
7_129579198,1,0.324,0.1
7_129579846,1,0.324,0.1
7_129587827,1,0.338,0.1
7_129591469,1,0.324,0.1
7_129598904,0,0.284,0.625
7_129598904,1,0.554,0.275
7_129601973,1,0.324,0.1
7_129602983,1,0.324,0.1
7_129604952,1,0.324,0.1
7_129606609,0,0.284,0.637
7_129606609,1,0.554,0.263
7_129613012,1,0.338,0.087
7_129613944,1,0.324,0.087
7_129617667,1,0.324,0.087
7_129626576,1,0.324,0.1
7_129627329,1,0.324,0.1
7_129627436,1,0.324,0.1
7_129632518,1,0.324,0.1
7_129634001,1,0.311,0.1
7_129634424,1,0.311,0.1
7_129637873,1,0.311,0.1
7_129639780,1,0.311,0.1
7_129641749,1,0.311,0.1
7_129641907,1,0.311,0.1
7_129647225,1,0.311,0.1
7_129647781,1,0.311,0.1
7_129648270,1,0.311,0.1
7_129655731,1,0.311,0.1
7_129658175,1,0.311,0.1
7_129659822,1,0.311,0.1
7_129662871,1,0.311,0.1
7_129663262,1,0.311,0.1
7_129664104,1,0.311,0.1
7_129668763,1,0.311,0.1
7_129668964,1,0.311,0.1
7_129670252,1,0.311,0.1
7_129673855,1,0.311,0.113
7_129702741,1,0.338,0.1
7_129711880,0,0.297,0.625
7_129716282,0,0.311,0.625
7_129719896,0,0.311,0.625
7_129728426,1,0.351,0.1
7_129731172,1,0.351,0.1
7_129735391,1,0.351,0.1
7_129738800,1,0.351,0.1
7_129740403,1,0.351,0.1
7_129740581,1,0.351,0.1
7_129744598,1,0.351,0.1
7_129752041,1,0.351,0.1
7_134708670,0,0.622,0.3
7_135318378,0,0.27,0.6
7_135318844,0,0.135,0.375
7_135322737,0,0.149,0.4
7_135325137,0,0.27,0.6
7_135325993,0,0.27,0.6
7_135326328,0,0.27,0.6
7_135331702,0,0.27,0.6
7_135332283,0,0.149,0.4
7_155567611,2,0.189,0.438
8_3787129,0,0.486,0.2
8_6501959,0,0.486,0.212
8_6511255,0,0.432,0.163
8_6511459,0,0.486,0.2
8_6511514,0,0.486,0.2
8_6511829,0,0.486,0.2
8_6512409,0,0.473,0.2
8_6512526,0,0.473,0.2
8_6512588,0,0.473,0.2
8_6512600,0,0.473,0.2
8_6513340,0,0.432,0.163
8_6515054,0,0.5,0.225
8_6515283,0,0.5,0.225
8_6515444,0,0.459,0.2
8_6515454,0,0.5,0.237
8_6515535,0,0.5,0.237
8_6515787,0,0.554,0.275
8_6516735,0,0.5,0.225
8_6517523,0,0.459,0.2
8_6517579,0,0.554,0.275
8_6518183,0,0.5,0.225
8_6519356,0,0.5,0.225
8_6519912,0,0.554,0.263
8_6520665,0,0.459,0.175
8_6520886,0,0.5,0.225
8_6521242,0,0.5,0.225
8_6522411,0,0.459,0.175
8_6522694,0,0.527,0.263
8_6523634,0,0.527,0.263
8_17613184,2,0.243,0.537
8_28308906,0,0.486,0.2
8_28308907,0,0.459,0.2
8_32446867,2,0.095,0.338
8_62587055,2,0.0,0.325
8_65173287,1,0.351,0.1
8_69499096,2,0.149,0.4
8_79478632,2,0.149,0.312
8_79496356,2,0.216,0.438
8_79496760,2,0.216,0.438
8_81980283,2,0.257,0.525
8_81982071,2,0.257,0.525
8_82002801,2,0.257,0.525
8_82045535,2,0.176,0.388
8_128675431,0,0.5,0.237
8_128676178,0,0.486,0.225
8_128679000,0,0.5,0.237
9_5719212,0,0.216,0.438
9_5720172,0,0.203,0.412
9_5722220,0,0.216,0.438
9_5732483,0,0.203,0.425
9_5732991,0,0.189,0.4
9_5733241,0,0.203,0.425
9_6030387,1,0.365,0.175
9_7629641,0,0.676,0.338
9_24751619,0,0.365,0.163
9_76132055,0,0.122,0.3
9_76533460,0,0.486,0.225
9_83096629,0,0.514,0.25
9_83096719,0,0.419,0.138
9_83097142,0,0.514,0.225
9_83098616,0,0.446,0.163
9_83101028,0,0.514,0.25
9_83104784,0,0.446,0.163
9_88710204,2,0.149,0.425
9_88711898,2,0.149,0.412
9_88712787,2,0.149,0.425
9_88713692,2,0.149,0.425
9_88714204,2,0.149,0.412
9_88714834,2,0.149,0.412
9_93867245,1,0.23,0.487
9_93867614,1,0.23,0.487
9_93868273,0,0.649,0.312
9_93868835,0,0.608,0.25
9_93868852,0,0.608,0.25
9_93869005,0,0.595,0.25
9_93869514,1,0.216,0.5
9_93869748,0,0.595,0.25
9_93869895,0,0.608,0.263
9_93869934,0,0.608,0.263
9_93871819,0,0.595,0.25
9_93873627,0,0.595,0.25
9_93875784,0,0.595,0.25
9_93876167,0,0.595,0.25
9_93876328,0,0.595,0.25
9_93876536,0,0.595,0.25
9_93876878,0,0.595,0.25
9_93877942,0,0.595,0.25
9_93878211,0,0.595,0.25
9_93878420,0,0.595,0.25
9_93878685,0,0.595,0.25
9_93879419,0,0.595,0.25
9_93879842,0,0.595,0.25
9_93879963,0,0.595,0.237
9_93879993,0,0.595,0.237
9_93880016,0,0.595,0.237
9_93880045,0,0.595,0.237
9_93880306,0,0.595,0.25
9_93880352,0,0.595,0.25
9_93880392,0,0.595,0.25
9_93880626,0,0.595,0.25
9_93880672,0,0.595,0.25
9_93880691,0,0.595,0.25
9_93881092,0,0.595,0.25
9_93881562,0,0.595,0.25
9_93881565,0,0.595,0.25
9_93881750,0,0.595,0.25
9_93881766,0,0.595,0.25
9_93881897,0,0.595,0.25
9_93881960,0,0.595,0.25
9_93882027,0,0.595,0.25
9_93882133,0,0.595,0.25
9_93882231,0,0.595,0.25
9_93882410,0,0.595,0.25
9_93882559,0,0.581,0.25
9_93882650,0,0.595,0.25
9_93882735,0,0.595,0.25
9_93882804,0,0.595,0.25
9_93883154,0,0.595,0.25
9_93883332,0,0.595,0.25
9_93883477,0,0.595,0.25
9_93883582,0,0.595,0.25
9_93883602,0,0.595,0.25
9_93883854,0,0.595,0.25
9_93883947,0,0.595,0.25
9_93884046,0,0.595,0.25
9_93884131,0,0.595,0.25
9_93884209,0,0.595,0.25
9_93884706,0,0.595,0.25
9_93884743,0,0.595,0.25
9_93885151,0,0.595,0.25
9_93885410,0,0.595,0.25
9_93885583,0,0.595,0.237
9_93885599,0,0.595,0.25
9_93885619,0,0.595,0.25
9_93885725,0,0.595,0.25
9_93885803,0,0.595,0.25
9_93886397,0,0.595,0.25
9_93886533,0,0.595,0.25
9_93886549,0,0.595,0.25
9_93886875,0,0.595,0.25
9_93887255,0,0.595,0.25
9_93887476,0,0.595,0.25
9_93887760,0,0.595,0.25
9_93887808,0,0.595,0.25
9_93888012,0,0.595,0.25
9_93888087,0,0.595,0.25
9_93888282,0,0.595,0.25
9_93888625,0,0.595,0.25
9_93888851,0,0.595,0.25
9_93889150,0,0.595,0.25
9_93889197,0,0.595,0.25
9_93889373,0,0.595,0.25
9_93889507,0,0.595,0.25
9_93889751,0,0.595,0.25
9_93889926,0,0.595,0.25
9_93890028,0,0.595,0.25
9_93890112,0,0.595,0.25
9_93890624,0,0.595,0.25
9_93890781,0,0.595,0.25
9_93890896,0,0.595,0.25
9_93890957,0,0.595,0.25
9_93891470,0,0.595,0.25
9_93891669,0,0.595,0.25
9_93892626,0,0.595,0.237
9_93892728,0,0.595,0.25
9_93892838,0,0.595,0.25
9_93892930,0,0.595,0.25
9_93893273,0,0.595,0.25
9_93893291,0,0.581,0.25
9_93893573,0,0.595,0.25
9_93894267,0,0.595,0.25
9_93894636,0,0.595,0.25
9_93894700,0,0.595,0.25
9_93894762,0,0.595,0.25
9_93894842,0,0.595,0.25
9_93895012,0,0.595,0.25
9_93895042,0,0.595,0.25
9_93895342,0,0.595,0.25
9_93895343,0,0.595,0.25
9_93898864,0,0.595,0.25
9_93899253,0,0.581,0.25
9_93899551,0,0.595,0.25
9_93899785,0,0.595,0.25
9_93900795,0,0.595,0.25
9_93901139,0,0.581,0.25
9_93901150,0,0.595,0.25
9_93901217,0,0.595,0.25
9_93901581,0,0.595,0.25
9_93901620,0,0.595,0.25
9_93901776,0,0.595,0.25
9_93902947,0,0.595,0.25
9_93903485,0,0.595,0.25
9_93903530,0,0.595,0.25
9_93905871,0,0.595,0.25
9_93907426,0,0.608,0.25
9_93907717,1,0.216,0.5
9_112430046,0,0.081,0.3
9_114741368,2,0.446,0.15
9_114742518,2,0.446,0.15
9_114747365,2,0.419,0.15
9_114758749,2,0.446,0.15
9_119042961,1,0.459,0.225
9_128722247,0,0.108,0.375
9_128757681,0,0.081,0.35
9_128760177,2,0.081,0.338
9_128764419,0,0.081,0.35
9_134233806,2,0.203,0.475
10_1579133,2,0.473,0.188
10_9140753,2,0.189,0.463
10_12511173,0,0.068,0.3
10_12511173,2,0.351,0.175
10_12511332,0,0.068,0.3
10_12511332,2,0.351,0.175
10_12511492,0,0.068,0.3
10_12511492,2,0.351,0.175
10_12511762,0,0.068,0.3
10_12511762,2,0.351,0.175
10_12512192,0,0.068,0.3
10_12512192,2,0.351,0.175
10_12512450,0,0.068,0.3
10_12512450,2,0.351,0.175
10_12513740,0,0.068,0.3
10_12513740,2,0.351,0.175
10_12514963,0,0.068,0.3
10_12514963,2,0.351,0.175
10_12515946,0,0.068,0.3
10_12515946,2,0.351,0.175
10_12516036,0,0.068,0.3
10_12516036,2,0.351,0.175
10_12516768,0,0.068,0.3
10_12516768,2,0.351,0.175
10_12516827,0,0.068,0.3
10_12516827,2,0.351,0.175
10_12517081,0,0.068,0.3
10_12517081,2,0.351,0.175
10_12517125,0,0.068,0.3
10_12517125,2,0.351,0.175
10_12517192,0,0.068,0.312
10_12517192,2,0.351,0.175
10_12517195,0,0.068,0.312
10_12517195,2,0.351,0.175
10_12517232,0,0.068,0.312
10_12517232,2,0.351,0.175
10_12517239,0,0.068,0.312
10_12517239,2,0.351,0.175
10_12518391,0,0.068,0.3
10_12518391,2,0.351,0.175
10_12521856,0,0.068,0.3
10_12521856,2,0.351,0.175
10_12521867,0,0.068,0.3
10_12521867,2,0.351,0.175
10_12522956,0,0.243,0.537
10_12522959,0,0.243,0.537
10_12522969,0,0.162,0.4
10_12522969,2,0.351,0.175
10_12522988,0,0.149,0.388
10_12522988,2,0.351,0.175
10_12523073,0,0.081,0.325
10_12523073,2,0.351,0.175
10_12523193,0,0.081,0.338
10_12523193,2,0.351,0.163
10_12523216,0,0.081,0.338
10_12523216,2,0.351,0.175
10_12523293,0,0.122,0.375
10_12523293,2,0.351,0.175
10_12523952,0,0.068,0.3
10_12523952,2,0.351,0.175
10_12523976,0,0.068,0.3
10_12523976,2,0.351,0.175
10_12524117,0,0.068,0.3
10_12524117,2,0.351,0.175
10_12524324,0,0.068,0.3
10_12524324,2,0.351,0.175
10_12524460,0,0.068,0.3
10_12524460,2,0.351,0.175
10_12524496,0,0.068,0.3
10_12524496,2,0.351,0.175
10_12524580,0,0.068,0.3
10_12524580,2,0.351,0.175
10_12524639,0,0.068,0.3
10_12524639,2,0.351,0.175
10_12524685,0,0.068,0.3
10_12524685,2,0.351,0.175
10_12525254,0,0.068,0.3
10_12525254,2,0.351,0.175
10_12525473,0,0.068,0.3
10_12525473,2,0.351,0.175
10_12525549,0,0.068,0.3
10_12525549,2,0.351,0.175
10_12525977,0,0.068,0.3
10_12525977,2,0.351,0.175
10_12526167,0,0.068,0.3
10_12526167,2,0.351,0.175
10_12526203,0,0.068,0.3
10_12526203,2,0.351,0.175
10_12526810,0,0.068,0.3
10_12526810,2,0.351,0.175
10_12527101,0,0.068,0.3
10_12527101,2,0.351,0.163
10_12528164,0,0.068,0.3
10_12528164,2,0.351,0.163
10_12528203,0,0.068,0.3
10_12528203,2,0.351,0.163
10_13027388,1,0.311,0.1
10_24147668,2,0.095,0.3
10_29585413,0,0.243,0.5
10_29585779,0,0.243,0.5
10_51988086,0,0.338,0.15
10_51988086,2,0.135,0.4
10_53976571,0,0.392,0.15
10_53976812,0,0.392,0.15
10_53976895,0,0.392,0.15
10_53982761,0,0.392,0.15
10_53985451,0,0.392,0.15
10_54542170,2,0.338,0.1
10_54546230,2,0.324,0.15
10_66752632,2,0.176,0.412
10_69014283,0,0.284,0.588
10_89606612,0,0.149,0.312
10_89606612,2,0.473,0.225
10_89606625,0,0.149,0.312
10_89606625,2,0.473,0.225
10_89606627,0,0.149,0.312
10_89606627,2,0.473,0.225
10_89606736,0,0.149,0.312
10_89606736,2,0.473,0.225
10_89606954,0,0.149,0.312
10_89606954,2,0.473,0.225
10_89607767,0,0.149,0.312
10_89607767,2,0.473,0.225
10_89607822,0,0.149,0.312
10_89607822,2,0.473,0.225
10_89607835,0,0.149,0.312
10_89607835,2,0.473,0.225
10_89607892,0,0.149,0.312
10_89607892,2,0.473,0.225
10_89608030,0,0.149,0.312
10_89608030,2,0.473,0.225
10_89608092,0,0.149,0.312
10_89608092,2,0.473,0.225
10_89608117,0,0.149,0.312
10_89608117,2,0.473,0.225
10_89608386,0,0.149,0.312
10_89608386,2,0.473,0.225
10_89608432,0,0.149,0.312
10_89608432,2,0.459,0.212
10_89609671,0,0.149,0.312
10_89609671,2,0.459,0.212
10_89609820,0,0.149,0.312
10_89609820,2,0.459,0.212
10_89609881,0,0.149,0.312
10_89609881,2,0.459,0.212
10_89610141,0,0.149,0.312
10_89610141,2,0.459,0.212
10_89610529,0,0.149,0.312
10_89610529,2,0.459,0.212
10_89610579,0,0.149,0.312
10_89610579,2,0.459,0.212
10_89611084,0,0.149,0.312
10_89611084,2,0.459,0.212
10_89611264,0,0.149,0.312
10_89611264,2,0.459,0.212
10_89611688,0,0.149,0.312
10_89611688,2,0.459,0.212
10_89612087,0,0.149,0.312
10_89612087,2,0.459,0.212
10_89612188,0,0.149,0.312
10_89612188,2,0.459,0.212
10_89612201,0,0.149,0.312
10_89612201,2,0.459,0.212
10_89612542,0,0.149,0.312
10_89612542,2,0.459,0.212
10_89612548,0,0.149,0.312
10_89612548,2,0.459,0.212
10_89613078,0,0.149,0.312
10_89613078,2,0.459,0.212
10_89613754,0,0.149,0.312
10_89613754,2,0.459,0.212
10_89613867,0,0.149,0.312
10_89613867,2,0.459,0.212
10_89614090,0,0.149,0.312
10_89614090,2,0.459,0.212
10_89614459,0,0.149,0.312
10_89614459,2,0.459,0.212
10_89614539,0,0.149,0.312
10_89614539,2,0.459,0.212
10_89614582,0,0.149,0.312
10_89614582,2,0.459,0.212
10_89614608,0,0.149,0.312
10_89614608,2,0.459,0.212
10_89620902,0,0.149,0.312
10_89620902,2,0.459,0.212
10_104723981,2,0.432,0.125
10_104724851,2,0.432,0.125
10_104762189,0,0.514,0.2
10_104794604,0,0.486,0.188
10_106830524,0,0.297,0.637
10_106830524,1,0.554,0.275
10_106831802,0,0.297,0.637
10_106831802,1,0.554,0.275
10_106832345,0,0.297,0.637
10_106832345,1,0.554,0.275
10_107597439,1,0.554,0.225
10_107598068,1,0.554,0.225
10_107605096,1,0.541,0.225
10_107657025,2,0.108,0.312
10_107730066,2,0.419,0.2
10_114748900,0,0.122,0.3
10_114748900,2,0.405,0.175
10_114816686,2,0.365,0.138
10_114817031,2,0.365,0.138
10_114849339,2,0.351,0.138
10_120300682,0,0.243,0.5
10_129548899,2,0.176,0.362
11_7521114,2,0.473,0.225
11_8293949,0,0.216,0.512
11_11288746,0,0.162,0.412
11_11288763,0,0.162,0.425
11_11290196,1,0.5,0.237
11_11294527,2,0.108,0.312
11_11406538,0,0.135,0.325
11_14354137,0,0.5,0.237
11_14410163,2,0.095,0.325
11_14413152,2,0.135,0.338
11_14414713,2,0.135,0.338
11_14415424,2,0.135,0.338
11_14415607,2,0.135,0.338
11_14416212,2,0.135,0.338
11_14416402,2,0.135,0.338
11_14417454,2,0.135,0.338
11_14417486,2,0.135,0.338
11_14417913,2,0.135,0.338
11_14418616,2,0.135,0.338
11_14419856,2,0.135,0.338
11_14420716,2,0.135,0.338
11_14421329,2,0.135,0.338
11_14421770,2,0.135,0.338
11_14422229,2,0.135,0.338
11_14423029,2,0.135,0.325
11_14424759,2,0.135,0.338
11_14424874,2,0.135,0.338
11_14428315,2,0.135,0.325
11_14428655,2,0.135,0.325
11_14428919,2,0.135,0.325
11_14428985,2,0.135,0.325
11_14429772,2,0.135,0.325
11_14430274,2,0.135,0.325
11_14430587,2,0.135,0.325
11_14431315,2,0.135,0.325
11_14434363,2,0.135,0.325
11_14434557,2,0.135,0.312
11_14434560,2,0.135,0.325
11_14434577,2,0.135,0.325
11_14434633,2,0.135,0.325
11_14434957,2,0.135,0.338
11_14435452,2,0.135,0.338
11_14435566,2,0.135,0.338
11_14436193,2,0.135,0.338
11_14436907,2,0.135,0.338
11_14437271,2,0.135,0.325
11_14437541,2,0.135,0.325
11_14437912,2,0.135,0.325
11_14438436,2,0.135,0.338
11_14438607,2,0.135,0.338
11_14438653,2,0.135,0.338
11_14439455,2,0.135,0.338
11_14440986,2,0.135,0.338
11_14441942,2,0.135,0.338
11_14442700,2,0.135,0.338
11_14442803,2,0.135,0.325
11_14443522,2,0.135,0.325
11_14443523,2,0.135,0.325
11_14445373,2,0.135,0.325
11_14447897,2,0.135,0.325
11_14456678,2,0.135,0.325
11_14458746,2,0.135,0.325
11_14461728,2,0.135,0.325
11_14471825,2,0.135,0.338
11_14473503,2,0.135,0.338
11_14475073,2,0.135,0.325
11_14477990,2,0.135,0.325
11_14478788,2,0.135,0.325
11_14483643,2,0.135,0.325
11_14485889,2,0.135,0.325
11_14491339,2,0.135,0.325
11_14504104,2,0.135,0.325
11_14513453,2,0.135,0.325
11_14515410,2,0.122,0.325
11_14519396,2,0.135,0.325
11_14525153,2,0.135,0.325
11_14535009,2,0.149,0.312
11_14557830,0,0.5,0.212
11_14572657,0,0.5,0.212
11_14582446,0,0.5,0.212
11_14594492,0,0.5,0.212
11_14608824,0,0.5,0.212
11_14609273,0,0.5,0.212
11_14617711,0,0.5,0.212
11_14619638,0,0.514,0.237
11_14623692,0,0.514,0.225
11_14639280,0,0.486,0.212
11_14641176,0,0.5,0.212
11_23388201,2,0.324,0.125
11_34396323,0,0.162,0.325
11_34882962,1,0.297,0.6
11_34882962,2,0.676,0.312
11_34883598,1,0.297,0.6
11_34883598,2,0.676,0.312
11_34896828,1,0.297,0.6
11_34896828,2,0.676,0.312
11_34912142,2,0.635,0.3
11_45752571,0,0.324,0.675
11_61103912,1,0.176,0.463
11_62133515,2,0.095,0.3
11_63608018,0,0.108,0.325
11_63617979,0,0.162,0.375
11_63617979,2,0.365,0.163
11_99358316,0,0.149,0.325
11_99358316,2,0.351,0.125
11_99383333,0,0.135,0.325
11_99383333,2,0.351,0.125
11_100279153,0,0.216,0.463
11_100280066,0,0.23,0.475
11_100284768,0,0.189,0.425
11_100284768,2,0.365,0.15
11_100290310,0,0.23,0.475
11_100293168,0,0.23,0.487
11_100293225,0,0.216,0.463
11_100293582,0,0.23,0.475
11_100294599,0,0.23,0.475
11_100296148,0,0.23,0.463
11_100296575,0,0.203,0.438
11_103681506,0,0.095,0.3
11_103745926,0,0.135,0.3
11_103747354,0,0.135,0.3
11_103748235,0,0.135,0.3
11_103844753,0,0.162,0.388
11_103892910,2,0.108,0.412
11_119869087,0,0.662,0.325
11_128880536,0,0.378,0.15
11_128880536,2,0.149,0.325
11_128992447,0,0.446,0.2
11_131326501,0,0.216,0.45
11_134750252,0,0.176,0.388
11_134754120,0,0.162,0.388
11_134756229,0,0.122,0.35
11_134762330,0,0.216,0.475
11_134762331,0,0.216,0.475
12_2909859,1,0.568,0.263
12_12879900,0,0.122,0.312
12_30017964,2,0.459,0.188
12_57618074,0,0.149,0.312
12_78890387,0,0.378,0.113
12_78895703,0,0.378,0.113
12_78900082,0,0.392,0.113
12_78900253,0,0.392,0.113
12_78904634,0,0.405,0.113
12_78919196,2,0.257,0.525
12_87372037,0,0.662,0.325
12_87372260,0,0.662,0.325
12_87373798,0,0.662,0.325
12_87374761,0,0.662,0.325
12_87374803,0,0.662,0.325
12_87375078,0,0.662,0.325
12_87375648,0,0.662,0.325
12_87375875,0,0.662,0.325
12_87376019,0,0.662,0.325
12_87376554,0,0.662,0.325
12_87378397,0,0.662,0.312
12_87378645,0,0.662,0.312
12_87379535,0,0.662,0.312
12_87379586,0,0.662,0.312
12_87380354,0,0.662,0.312
12_87380825,0,0.662,0.312
12_87381093,0,0.662,0.312
12_101217658,0,0.405,0.075
12_101217749,0,0.392,0.075
12_101217830,0,0.405,0.075
12_101219710,0,0.392,0.075
12_118985737,2,0.351,0.113
12_121385167,2,0.311,0.637
12_132386348,2,0.081,0.338
12_132389885,2,0.068,0.325
12_132392051,2,0.068,0.338
12_132393745,2,0.068,0.338
12_132393993,2,0.068,0.325
12_132394265,2,0.068,0.325
12_132394316,2,0.068,0.325
12_132394422,2,0.068,0.338
12_132394945,2,0.068,0.325
12_132395804,2,0.068,0.338
12_132396222,2,0.068,0.325
12_132396463,2,0.068,0.325
12_132396721,2,0.068,0.325
12_132398728,2,0.068,0.325
12_132400803,0,0.446,0.212
12_132400803,2,0.041,0.312
12_132403413,2,0.041,0.338
12_132406896,2,0.189,0.412
12_132409666,0,0.635,0.312
12_132427669,2,0.108,0.35
12_132427692,2,0.108,0.35
13_33266817,0,0.284,0.588
13_38187297,0,0.311,0.662
13_52173143,2,0.23,0.5
13_52181014,2,0.297,0.6
13_52195567,2,0.23,0.5
13_52206238,2,0.297,0.613
13_52208759,2,0.297,0.613
13_52211746,2,0.297,0.613
13_52211753,2,0.284,0.6
13_52216565,2,0.297,0.613
13_52224288,2,0.23,0.5
13_52232320,2,0.297,0.613
13_52265090,2,0.216,0.487
13_52288779,2,0.23,0.5
13_52300183,2,0.297,0.613
13_52325489,0,0.297,0.613
13_52326744,0,0.297,0.613
13_52330589,0,0.297,0.613
13_52335639,0,0.23,0.5
13_52335640,0,0.23,0.5
13_52337964,0,0.23,0.5
13_52338245,0,0.297,0.613
13_52342530,0,0.23,0.5
13_52343457,0,0.297,0.613
13_52355910,0,0.23,0.5
13_52356217,0,0.23,0.5
13_52360434,0,0.297,0.613
13_52360475,0,0.23,0.5
13_52367496,2,0.23,0.5
13_52371868,2,0.297,0.613
13_52381764,2,0.297,0.613
13_52409846,2,0.23,0.5
13_52469593,2,0.095,0.3
13_58863110,0,0.203,0.487
13_58863770,0,0.203,0.487
13_58864723,0,0.203,0.487
13_58870994,0,0.203,0.487
13_58876408,0,0.203,0.5
13_58901289,0,0.203,0.45
13_58904357,0,0.203,0.45
13_72832072,2,0.284,0.575
13_85741924,0,0.5,0.188
13_85742699,2,0.5,0.188
13_85742718,2,0.5,0.188
13_85742806,2,0.5,0.188
13_85742844,2,0.5,0.188
13_85743071,2,0.5,0.188
13_85743212,2,0.5,0.188
13_90682231,0,0.122,0.4
13_90687293,0,0.135,0.412
13_90687293,2,0.378,0.163
13_90689050,0,0.135,0.425
13_90689050,2,0.378,0.163
13_90689490,0,0.149,0.425
13_90689490,2,0.378,0.163
13_90691015,0,0.149,0.425
13_90691015,2,0.378,0.175
13_90694206,0,0.135,0.425
13_90694206,2,0.378,0.163
13_90694735,0,0.135,0.425
13_90694735,2,0.378,0.163
13_90695873,2,0.378,0.163
13_90697346,0,0.135,0.425
13_90697346,2,0.378,0.175
13_90721517,2,0.176,0.487
13_103317671,0,0.405,0.163
13_103317671,2,0.135,0.3
13_103335179,1,0.568,0.212
13_103335274,1,0.568,0.212
13_107574702,0,0.149,0.325
13_107574702,2,0.432,0.188
13_107576538,0,0.473,0.212
13_112679370,2,0.149,0.388
13_112681696,2,0.162,0.4
13_112718322,0,0.122,0.3
13_112718322,2,0.392,0.163
13_112767720,0,0.473,0.225
13_112767720,2,0.108,0.3
13_112767802,2,0.108,0.338
13_112768140,2,0.122,0.325
13_112770079,2,0.122,0.325
13_112770159,2,0.122,0.325
13_112770635,2,0.122,0.325
13_112770774,2,0.108,0.325
13_112770784,2,0.108,0.325
13_112770881,0,0.486,0.225
13_112771651,0,0.486,0.225
13_112772548,0,0.486,0.225
13_112773253,2,0.122,0.312
13_112774877,2,0.122,0.312
13_112776271,0,0.5,0.237
13_112776453,2,0.135,0.312
13_112779420,2,0.135,0.312
13_112783706,2,0.135,0.312
13_112784143,2,0.135,0.325
13_112792897,2,0.135,0.325
13_112797406,2,0.135,0.325
13_112881635,2,0.392,0.138
13_112881818,2,0.392,0.138
13_112885209,2,0.392,0.138
13_112885580,2,0.392,0.138
13_112889570,2,0.392,0.125
14_39746482,2,0.432,0.163
14_51242299,0,0.203,0.412
14_53510346,0,0.297,0.637
14_53510473,0,0.297,0.637
14_53511428,0,0.297,0.637
14_53512430,0,0.297,0.637
14_53512525,0,0.297,0.637
14_53515308,0,0.297,0.637
14_53516732,0,0.297,0.637
14_53518312,0,0.297,0.637
14_53520502,0,0.297,0.637
14_53523234,0,0.297,0.637
14_53523510,0,0.297,0.637
14_53524731,0,0.284,0.637
14_53524987,0,0.284,0.637
14_54638855,0,0.216,0.438
14_54638855,2,0.392,0.175
14_55454562,1,0.216,0.475
14_55473475,2,0.716,0.325
14_59387865,0,0.162,0.412
14_99220196,0,0.365,0.15
14_99220196,2,0.189,0.4
14_99220199,0,0.365,0.15
14_99220199,2,0.189,0.4
14_99220277,0,0.365,0.15
14_99220277,2,0.189,0.4
14_99220633,0,0.365,0.15
14_99220633,2,0.189,0.4
14_99220874,0,0.338,0.113
15_27374071,0,0.432,0.212
15_27374071,2,0.122,0.325
15_27376700,2,0.122,0.338
15_39239112,0,0.23,0.487
15_39239120,0,0.23,0.5
15_41135666,0,0.541,0.225
15_41139989,0,0.541,0.225
15_41141499,0,0.541,0.225
15_59431054,0,0.257,0.525
15_59431066,0,0.257,0.525
15_59431337,0,0.243,0.5
15_59432944,2,0.23,0.487
15_94791356,0,0.176,0.362
15_94791356,2,0.392,0.138
15_94792627,0,0.176,0.362
15_94792627,2,0.392,0.138
15_94803202,2,0.378,0.138
15_94819344,2,0.365,0.113
15_96082948,0,0.162,0.35
15_96082948,2,0.351,0.138
16_2673241,2,0.122,0.312
16_2673367,2,0.122,0.3
16_2675010,2,0.122,0.312
16_2675093,2,0.122,0.312
16_2675255,2,0.122,0.312
16_2923563,0,0.324,0.15
16_2923563,2,0.176,0.475
16_2923567,0,0.324,0.15
16_2923567,2,0.176,0.475
16_2927364,0,0.162,0.425
16_2927364,2,0.338,0.138
16_6417323,2,0.351,0.125
16_6417764,0,0.162,0.338
16_6417764,2,0.392,0.163
16_6419279,0,0.162,0.388
16_6419279,2,0.378,0.138
16_6421646,0,0.162,0.362
16_6421646,2,0.338,0.138
16_6422481,2,0.351,0.15
16_6422584,2,0.392,0.163
16_8250045,2,0.149,0.362
16_8250121,2,0.149,0.35
16_8251699,2,0.149,0.35
16_10362463,0,0.149,0.362
16_10362463,2,0.378,0.15
16_10402971,0,0.135,0.325
16_10402971,2,0.351,0.138
16_10432828,0,0.162,0.463
16_10434499,0,0.162,0.4
16_10463086,0,0.135,0.362
16_10463086,2,0.338,0.113
16_10463421,0,0.135,0.35
16_10463421,2,0.338,0.125
16_10463973,0,0.135,0.362
16_10463973,2,0.338,0.125
16_10468169,0,0.135,0.362
16_10468169,2,0.351,0.125
16_10470837,0,0.122,0.338
16_10470837,2,0.365,0.15
16_10471591,0,0.122,0.338
16_10471591,2,0.351,0.15
16_10480175,0,0.135,0.35
16_10480175,2,0.351,0.125
16_10480232,0,0.135,0.35
16_10480232,2,0.351,0.125
16_10480355,0,0.135,0.35
16_10480355,2,0.351,0.125
16_10480972,0,0.135,0.338
16_10480972,2,0.351,0.138
16_10481967,0,0.135,0.35
16_10481967,2,0.351,0.125
16_10483438,0,0.149,0.362
16_10483438,2,0.365,0.113
16_10484236,0,0.122,0.312
16_10484236,2,0.378,0.15
16_10484934,0,0.135,0.35
16_10484934,2,0.365,0.125
16_10485982,0,0.122,0.35
16_10485982,2,0.365,0.125
16_10681542,2,0.203,0.425
16_24479353,0,0.122,0.362
16_24479355,0,0.122,0.362
16_56542894,0,0.351,0.175
16_56542894,2,0.203,0.438
16_56543026,0,0.351,0.175
16_56543026,2,0.203,0.438
16_56543031,0,0.351,0.175
16_56543031,2,0.203,0.438
16_57023707,2,0.216,0.475
16_82667762,0,0.081,0.312
16_82670477,0,0.081,0.325
16_82681091,2,0.432,0.175
16_82707570,0,0.189,0.463
16_82707651,0,0.216,0.537
16_82710305,0,0.216,0.512
16_82710773,0,0.216,0.512
16_82743191,0,0.27,0.6
16_82746751,0,0.216,0.487
16_82747151,0,0.216,0.463
16_82747261,0,0.216,0.463
16_82796452,2,0.338,0.163
16_82835697,0,0.081,0.312
16_82839185,0,0.176,0.412
16_82843437,0,0.081,0.312
16_82843614,0,0.081,0.325
16_82844075,0,0.176,0.438
16_82844550,0,0.108,0.35
16_82844989,0,0.081,0.325
16_82845653,0,0.095,0.325
16_82845739,0,0.095,0.325
16_82846452,0,0.081,0.325
16_82846465,0,0.081,0.325
16_82846550,0,0.095,0.325
16_82846736,0,0.081,0.325
16_82847845,0,0.095,0.325
16_82848513,0,0.095,0.325
16_82849226,0,0.095,0.325
16_82849227,0,0.095,0.325
16_82850153,0,0.108,0.338
16_82851162,0,0.095,0.325
16_82851573,0,0.054,0.3
16_88311902,2,0.243,0.537
16_89511733,2,0.203,0.438
16_89522080,2,0.203,0.438
16_89523652,2,0.203,0.438
16_89523835,2,0.203,0.438
16_89529698,2,0.203,0.438
16_89968733,2,0.216,0.487
16_89983793,2,0.23,0.512
16_89985919,2,0.189,0.463
16_89994858,2,0.189,0.463
16_89994936,2,0.216,0.5
16_90008692,2,0.243,0.512
17_4448017,2,0.176,0.425
17_4738072,0,0.365,0.113
17_4738074,0,0.365,0.113
17_4738075,0,0.365,0.113
17_10103695,0,0.784,0.388
17_10103695,1,0.189,0.525
17_15575887,2,0.243,0.537
17_21885172,0,0.162,0.4
17_21888960,2,0.135,0.375
17_21892776,0,0.149,0.4
17_21895987,2,0.135,0.362
17_21897638,2,0.135,0.338
17_21916276,2,0.149,0.325
17_21958613,0,0.703,0.35
17_34501916,0,0.378,0.163
17_36640745,0,0.135,0.375
17_36640745,2,0.311,0.15
17_38750620,0,0.473,0.2
17_38750620,2,0.149,0.35
17_38752419,2,0.149,0.338
17_38757554,2,0.216,0.475
17_38765943,2,0.23,0.487
17_38769497,2,0.23,0.475
17_38773325,2,0.23,0.463
17_42066926,0,0.405,0.1
17_57122031,0,0.162,0.4
17_57122031,2,0.378,0.163
17_57123554,0,0.176,0.412
17_57123554,2,0.351,0.138
17_57123806,0,0.176,0.4
17_57123806,2,0.351,0.138
17_57125954,0,0.176,0.425
17_57125954,2,0.351,0.138
17_57126456,0,0.176,0.425
17_57126456,2,0.351,0.138
17_57126506,0,0.176,0.425
17_57126506,2,0.351,0.138
17_57126610,0,0.176,0.412
17_57126610,2,0.351,0.138
17_57132659,0,0.365,0.138
17_57132659,2,0.176,0.425
17_57133619,0,0.338,0.138
17_57133619,2,0.189,0.45
17_77141369,0,0.257,0.588
17_77141812,0,0.216,0.512
17_77731597,2,0.122,0.338
17_77736190,2,0.122,0.35
17_77745194,2,0.122,0.325
17_77745398,2,0.122,0.338
17_80947317,0,0.297,0.625
17_80949207,0,0.297,0.625
17_80955220,0,0.581,0.287
17_82969444,2,0.23,0.475
17_83134125,2,0.203,0.475
17_83134137,0,0.365,0.15
17_83134140,0,0.365,0.15
17_83134144,0,0.365,0.15
17_83134145,0,0.365,0.15
18_3488377,0,0.392,0.175
18_3489438,2,0.378,0.163
18_3494557,2,0.446,0.2
18_4201253,0,0.338,0.125
18_4203144,0,0.338,0.138
18_5156428,1,0.23,0.55
18_9840233,1,0.297,0.625
18_9840233,2,0.649,0.263
18_9842686,2,0.622,0.275
18_9850584,2,0.595,0.2
18_9851391,2,0.595,0.2
18_9851653,2,0.595,0.2
18_9853760,2,0.432,0.1
18_9855117,2,0.432,0.1
18_9855410,2,0.432,0.1
18_9855617,2,0.432,0.113
18_9857288,2,0.311,0.037
18_9857367,2,0.311,0.037
18_9858217,2,0.311,0.037
18_9860509,0,0.203,0.475
18_9860509,2,0.365,0.087
18_9860537,0,0.203,0.475
18_9860537,2,0.365,0.087
18_9860538,0,0.203,0.475
18_9860538,2,0.365,0.087
18_9863586,0,0.203,0.475
18_9863586,2,0.365,0.087
18_9865330,0,0.189,0.412
18_9866124,0,0.189,0.475
18_9866568,0,0.189,0.438
18_9867072,0,0.189,0.438
18_9867083,0,0.189,0.438
18_11091538,0,0.149,0.4
18_11091538,2,0.338,0.163
18_68232143,2,0.23,0.463
18_70777785,0,0.189,0.45
18_70777785,2,0.311,0.138
18_75269804,0,0.108,0.3
18_75269804,2,0.432,0.212
18_79579086,2,0.446,0.163
18_79579562,2,0.446,0.163
18_79582731,2,0.446,0.163
18_79582751,2,0.446,0.163
18_79582956,2,0.446,0.163
19_8333830,2,0.405,0.075
19_14181055,0,0.216,0.5
19_14655772,0,0.23,0.475
19_14657050,0,0.23,0.487
19_14671501,0,0.23,0.475
19_14678336,2,0.486,0.2
19_20734342,0,0.149,0.362
19_20734342,2,0.351,0.15
19_35202994,0,0.149,0.388
19_41468396,1,0.405,0.175
19_54051696,0,0.405,0.2
19_54051696,2,0.162,0.375
19_54061858,2,0.149,0.325
20_238370,0,0.095,0.3
20_238370,2,0.351,0.125
20_239556,0,0.108,0.325
20_239556,2,0.324,0.125
20_239563,0,0.108,0.325
20_239563,2,0.324,0.125
20_241301,0,0.108,0.325
20_241301,2,0.324,0.138
20_242195,2,0.351,0.138
20_242897,0,0.081,0.312
20_242897,2,0.324,0.125
20_243217,2,0.351,0.138
20_243532,0,0.081,0.312
20_243532,2,0.324,0.138
20_244300,0,0.081,0.312
20_244300,2,0.324,0.125
20_244330,0,0.081,0.312
20_244330,2,0.324,0.125
20_244417,0,0.081,0.312
20_244417,2,0.324,0.125
20_245803,0,0.324,0.138
20_245803,2,0.081,0.312
20_245877,0,0.324,0.138
20_245877,2,0.081,0.312
20_246501,0,0.351,0.138
20_248815,0,0.324,0.125
20_248815,2,0.095,0.312
20_249337,0,0.324,0.113
20_249337,2,0.108,0.325
20_249536,0,0.338,0.138
20_249536,2,0.095,0.325
20_250218,0,0.365,0.163
20_250218,2,0.081,0.312
20_250342,0,0.365,0.163
20_250342,2,0.081,0.312
20_250671,0,0.365,0.163
20_250671,2,0.081,0.312
20_250864,0,0.351,0.15
20_250864,2,0.108,0.325
20_251939,0,0.365,0.163
20_251939,2,0.081,0.312
20_252982,0,0.378,0.163
20_252982,2,0.081,0.312
20_3913990,2,0.122,0.35
20_3913996,2,0.257,0.55
20_5145823,2,0.351,0.1
20_14684658,2,0.216,0.45
20_16877699,0,0.581,0.287
20_16919591,1,0.149,0.463
20_16919834,1,0.203,0.487
20_16925173,0,0.122,0.3
20_16925173,2,0.473,0.212
20_16926260,2,0.473,0.212
20_16932872,1,0.176,0.487
20_16936571,0,0.527,0.225
20_16940370,1,0.149,0.475
20_16946434,0,0.527,0.225
20_16946623,0,0.527,0.225
20_16951947,0,0.527,0.212
20_16951947,2,0.095,0.3
20_16954005,0,0.527,0.212
20_16954005,2,0.095,0.3
20_16957219,1,0.135,0.425
20_16963544,1,0.162,0.45
20_16967124,1,0.162,0.463
20_16967789,0,0.73,0.325
20_16967789,1,0.243,0.512
20_16972367,1,0.176,0.45
20_16973887,1,0.176,0.45
20_16976121,1,0.176,0.463
20_16978552,1,0.176,0.463
20_16979624,1,0.176,0.438
20_16981329,1,0.176,0.45
20_16981645,2,0.095,0.325
20_16981969,1,0.176,0.463
20_16982155,1,0.203,0.463
20_19595728,0,0.243,0.487
20_19633880,2,0.338,0.113
20_28756037,2,0.216,0.463
20_28756329,2,0.216,0.463
20_57191182,2,0.095,0.388
20_57191417,2,0.095,0.388
20_57191475,2,0.095,0.388
20_57191788,2,0.108,0.388
20_57191870,2,0.108,0.388
20_57192153,2,0.108,0.388
20_57193340,2,0.095,0.388
20_57197627,2,0.108,0.388
20_57198083,2,0.108,0.388
20_57200735,2,0.108,0.388
20_57203913,2,0.108,0.388
20_57204206,2,0.108,0.388
20_57208175,2,0.108,0.388
20_57209247,2,0.095,0.388
20_57209511,2,0.108,0.388
20_57210562,2,0.108,0.388
20_57210666,2,0.108,0.388
20_58729685,0,0.73,0.362
20_58729685,1,0.257,0.525
20_61376537,1,0.243,0.5
20_61377357,1,0.243,0.5
20_61380261,1,0.243,0.5
20_61385271,1,0.243,0.5
22_19689041,2,0.378,0.175
22_19689562,2,0.392,0.188
22_22199605,0,0.23,0.463
22_30895537,2,0.176,0.4
22_30895544,2,0.176,0.4
22_30895545,2,0.176,0.4
22_30895548,2,0.176,0.4
22_30895549,2,0.176,0.4
22_30895551,2,0.176,0.4
22_30895552,2,0.176,0.4
22_30895559,2,0.176,0.4
22_34189666,0,0.162,0.362
22_34190613,2,0.149,0.338
22_34191054,2,0.149,0.35
22_34191950,2,0.149,0.35
22_34192759,2,0.149,0.35
22_34193144,2,0.149,0.35
22_34193662,2,0.122,0.338
22_34197238,2,0.135,0.338
22_34198315,2,0.135,0.338
22_34198464,2,0.135,0.338
22_34199648,2,0.135,0.338
22_34200951,2,0.135,0.338
22_34201690,2,0.135,0.338
22_34203634,2,0.135,0.35
22_34205099,2,0.135,0.375
22_34205343,2,0.135,0.375
22_34206199,2,0.135,0.375
22_34207332,2,0.135,0.375
22_34208833,2,0.135,0.375
22_34208845,2,0.135,0.375
22_34209345,2,0.135,0.375
22_34214124,2,0.135,0.362
22_35075867,2,0.135,0.412
22_35075913,2,0.135,0.412
22_35075925,2,0.135,0.412
22_35075979,2,0.135,0.412
22_35076087,2,0.135,0.412
22_35076280,2,0.135,0.412
22_35076600,2,0.135,0.412
22_35076743,2,0.135,0.412
22_35077185,2,0.135,0.412
22_35077782,2,0.135,0.425
22_35077887,2,0.135,0.425
22_35078514,2,0.122,0.362
22_35078616,2,0.135,0.425
22_35078654,2,0.135,0.425
22_35079642,2,0.122,0.362
22_35082695,2,0.135,0.425
22_35083101,2,0.122,0.362
22_35083125,2,0.135,0.425
22_35088462,2,0.122,0.362
22_35103263,2,0.216,0.537
22_35106077,2,0.216,0.537
22_35106558,2,0.216,0.537
22_35106647,2,0.216,0.537
22_35107361,2,0.216,0.537
22_36182034,0,0.338,0.138
22_36182034,2,0.149,0.362
22_36182806,0,0.338,0.138
22_36182806,2,0.149,0.362
22_36187036,0,0.324,0.125
22_36187036,2,0.162,0.375
22_36188203,0,0.338,0.138
22_36188203,2,0.162,0.375
22_36188212,0,0.338,0.138
22_36188212,2,0.162,0.375
22_36190130,0,0.324,0.125
22_36190130,2,0.162,0.375
22_47570035,1,0.432,0.15
22_47570111,1,0.432,0.15
22_47572413,1,0.419,0.15
