position,Value,CEU,GBR
1_12812887,0,0.257,0.52
1_12817394,0,0.257,0.52
1_12818107,0,0.257,0.52
1_12820019,0,0.257,0.533
1_12820276,0,0.257,0.533
1_12821989,0,0.257,0.52
1_12822309,0,0.257,0.52
1_12822348,0,0.257,0.52
1_12823655,0,0.257,0.52
1_12826577,0,0.257,0.52
1_12826733,0,0.257,0.547
1_12829144,0,0.257,0.533
1_12829763,0,0.257,0.533
1_12829937,0,0.257,0.533
1_12830789,0,0.257,0.533
1_12831888,0,0.257,0.533
1_12833310,0,0.257,0.533
1_12834793,0,0.351,0.76
1_12834795,0,0.351,0.76
1_12835041,0,0.243,0.52
1_12835549,0,0.257,0.533
1_88226256,0,0.122,0.373
1_88226256,2,0.405,0.2
1_88233712,0,0.122,0.373
1_88233712,2,0.405,0.2
1_88235142,0,0.108,0.333
1_88237132,0,0.122,0.32
1_88237132,2,0.432,0.213
1_88246779,0,0.122,0.373
1_88246779,2,0.405,0.2
1_88250251,0,0.095,0.32
2_17010540,2,0.419,0.2
2_60189079,2,0.122,0.347
2_60190445,0,0.405,0.2
2_60190445,2,0.122,0.347
2_60192721,0,0.405,0.2
2_60192721,2,0.122,0.333
2_60197218,0,0.405,0.2
2_60197218,2,0.122,0.333
2_60214049,0,0.419,0.173
2_152495196,2,0.514,0.227
2_226552295,2,0.338,0.093
2_226554110,2,0.324,0.08
2_226565636,2,0.324,0.08
3_4347849,0,0.514,0.227
3_15259856,2,0.216,0.44
3_35398501,0,0.392,0.16
3_65897418,0,0.338,0.147
3_65903309,2,0.27,0.56
3_148073488,0,0.149,0.467
3_148073490,0,0.149,0.373
4_24263901,2,0.432,0.16
4_24264423,2,0.432,0.16
4_93315024,0,0.378,0.147
4_130045465,0,0.216,0.507
4_130093649,0,0.122,0.373
4_130094658,0,0.095,0.413
4_130096307,0,0.095,0.413
4_130096832,0,0.095,0.413
4_130096844,0,0.095,0.413
4_130097044,0,0.095,0.413
4_130097848,0,0.095,0.413
4_130099929,0,0.095,0.413
4_130100422,0,0.095,0.413
4_130102129,0,0.176,0.48
4_130107784,0,0.095,0.413
4_130108416,0,0.095,0.4
4_130109646,0,0.095,0.413
4_130109879,0,0.095,0.413
4_130114455,0,0.095,0.413
4_130117395,0,0.095,0.413
4_130118072,0,0.095,0.413
4_130119270,0,0.095,0.4
4_130122796,0,0.189,0.56
4_130122796,1,0.541,0.267
4_130123928,0,0.095,0.413
4_130124090,0,0.095,0.413
4_130124952,0,0.095,0.413
4_130126375,0,0.095,0.413
4_130129938,0,0.095,0.413
4_130131580,0,0.095,0.413
4_130136350,0,0.095,0.413
4_130159993,0,0.27,0.547
4_130171151,0,0.27,0.547
4_130172377,0,0.27,0.547
4_130176695,0,0.216,0.56
4_130177756,0,0.243,0.573
4_181929856,2,0.108,0.4
4_181939201,0,0.162,0.453
4_181942045,0,0.162,0.467
4_181946096,2,0.135,0.453
4_181949210,2,0.108,0.427
4_181950793,2,0.108,0.427
4_181951037,2,0.108,0.427
4_181953298,2,0.135,0.427
4_181953476,2,0.108,0.44
4_181956116,2,0.135,0.427
4_181968999,2,0.095,0.413
4_184410191,0,0.378,0.133
4_184515224,0,0.432,0.187
4_184811408,0,0.324,0.067
5_3107488,2,0.284,0.573
5_20434825,1,0.486,0.213
5_32366427,2,0.135,0.32
5_32385759,2,0.135,0.32
5_32385764,2,0.135,0.32
5_32424392,2,0.135,0.32
5_32425717,2,0.135,0.32
5_32428329,2,0.135,0.32
5_32428605,2,0.135,0.32
5_32434125,2,0.135,0.32
5_32434722,2,0.135,0.32
5_111438527,0,0.635,0.307
5_116620834,2,0.122,0.36
5_116621675,2,0.176,0.413
5_116623812,2,0.122,0.36
5_116624475,2,0.122,0.36
5_125680910,1,0.257,0.52
5_125680953,2,0.554,0.253
5_125680954,2,0.554,0.253
5_125683988,1,0.257,0.52
5_125686497,0,0.716,0.347
5_125686497,1,0.257,0.533
5_125744620,0,0.135,0.36
5_125744620,2,0.324,0.12
5_125747605,0,0.135,0.36
5_125747605,2,0.324,0.12
5_125757292,0,0.135,0.36
5_125757292,2,0.324,0.12
5_125784057,0,0.432,0.187
5_125788010,0,0.432,0.187
5_136944176,2,0.149,0.373
5_136944357,2,0.149,0.373
5_136944366,2,0.149,0.373
5_136944865,2,0.149,0.373
5_136947781,2,0.149,0.373
5_136969296,2,0.162,0.373
5_136976350,2,0.162,0.373
5_142285011,0,0.351,0.147
5_142302223,0,0.338,0.093
5_142322485,0,0.419,0.147
5_142322485,2,0.122,0.307
5_154505073,0,0.324,0.12
5_158103470,0,0.5,0.227
5_158103470,2,0.135,0.307
5_178195398,1,0.162,0.347
5_180173227,2,0.203,0.413
6_40577840,0,0.338,0.133
6_40577840,2,0.149,0.347
6_151221173,2,0.473,0.173
6_163208419,0,0.284,0.6
6_163209054,0,0.284,0.6
7_5809768,2,0.581,0.253
7_5818194,2,0.554,0.267
7_5825349,2,0.541,0.213
7_5825417,2,0.541,0.213
8_4355661,0,0.216,0.467
8_4358740,2,0.122,0.427
8_4362972,2,0.189,0.44
8_4363020,2,0.176,0.413
8_4369454,2,0.243,0.56
8_4370499,0,0.324,0.16
8_4370561,2,0.243,0.533
8_4374582,2,0.243,0.573
8_32658536,0,0.405,0.2
8_32658536,2,0.095,0.347
8_32669436,2,0.068,0.307
8_70652432,2,0.108,0.333
8_70754211,2,0.405,0.2
8_70754254,2,0.405,0.2
8_70754297,2,0.405,0.2
8_132492234,2,0.419,0.187
8_132509089,1,0.486,0.24
8_135453828,2,0.189,0.427
8_135548184,2,0.149,0.4
9_101095499,0,0.189,0.493
9_101095542,0,0.176,0.44
9_101095639,0,0.176,0.44
9_101096789,0,0.176,0.48
9_101097180,0,0.176,0.44
9_101097185,0,0.176,0.44
9_101097255,0,0.176,0.44
9_101097367,0,0.176,0.44
9_101097733,0,0.176,0.44
9_101098540,0,0.176,0.44
9_101098614,0,0.176,0.44
9_101098726,0,0.176,0.44
9_101098727,0,0.176,0.44
9_101099070,0,0.176,0.44
9_101099130,0,0.176,0.44
9_101099138,0,0.176,0.44
9_115805195,0,0.149,0.347
10_108579256,0,0.568,0.267
10_119161076,2,0.095,0.32
10_121378743,2,0.473,0.2
10_124492282,2,0.095,0.36
10_125197669,0,0.122,0.387
11_11309823,0,0.311,0.12
11_11309823,2,0.176,0.387
11_11310176,0,0.311,0.12
11_11310176,2,0.176,0.4
11_11310562,0,0.311,0.12
11_11310562,2,0.176,0.387
11_11310621,0,0.311,0.12
11_11310621,2,0.176,0.387
11_11310960,0,0.311,0.12
11_11310960,2,0.176,0.387
11_11310978,0,0.311,0.12
11_11310978,2,0.176,0.387
11_11310984,0,0.311,0.12
11_11310984,2,0.176,0.387
11_11311004,0,0.311,0.12
11_11311004,2,0.176,0.387
11_11311080,0,0.311,0.12
11_11311080,2,0.176,0.387
11_11311083,0,0.311,0.12
11_11311083,2,0.176,0.387
11_11311345,0,0.311,0.12
11_11311345,2,0.176,0.4
11_11311997,0,0.176,0.4
11_11311997,2,0.311,0.12
11_11312071,0,0.176,0.4
11_11312071,2,0.311,0.12
11_11312105,0,0.176,0.4
11_11312105,2,0.311,0.12
11_11312235,0,0.176,0.4
11_11312235,2,0.311,0.12
11_11312239,0,0.176,0.4
11_11312239,2,0.311,0.12
11_11312265,0,0.176,0.4
11_11312265,2,0.311,0.12
11_11312338,0,0.176,0.4
11_11312338,2,0.311,0.12
11_36092116,2,0.378,0.16
11_97971206,2,0.324,0.053
11_98776989,2,0.324,0.12
11_98796934,2,0.216,0.44
11_98797070,2,0.216,0.44
11_120830914,0,0.216,0.48
11_120831669,0,0.216,0.467
12_5488215,2,0.176,0.427
12_9266715,2,0.311,0.627
12_9268233,0,0.324,0.667
12_9268398,0,0.324,0.667
12_9268399,0,0.324,0.667
12_9269322,0,0.324,0.667
12_9269412,0,0.324,0.667
12_17098230,0,0.527,0.253
12_17100766,0,0.514,0.253
12_17102351,0,0.514,0.253
12_17104233,0,0.541,0.253
12_17107923,0,0.527,0.253
12_17109580,0,0.541,0.253
12_17111146,0,0.541,0.253
12_17118305,0,0.541,0.253
12_17118446,0,0.527,0.253
12_17120077,0,0.541,0.253
12_17121471,0,0.054,0.32
12_17121471,2,0.486,0.227
12_17121706,0,0.541,0.253
12_17124549,0,0.054,0.307
12_17124549,2,0.486,0.227
12_17124591,0,0.527,0.253
12_17124720,0,0.527,0.253
12_17129281,2,0.527,0.253
12_17135842,2,0.527,0.253
12_17162157,2,0.5,0.227
12_17166077,2,0.5,0.227
12_17172523,2,0.5,0.227
12_17173555,2,0.514,0.227
12_17174248,0,0.622,0.307
12_17179563,0,0.581,0.267
12_17179577,0,0.568,0.267
12_17188768,0,0.581,0.267
12_17189546,0,0.649,0.307
12_17202110,0,0.405,0.16
12_17202110,2,0.108,0.333
12_17202240,0,0.554,0.24
12_31646925,0,0.176,0.413
13_28071620,0,0.108,0.347
13_28071620,2,0.392,0.187
13_103317770,1,0.568,0.24
13_103319781,1,0.568,0.24
13_103320280,1,0.568,0.24
13_103320293,1,0.568,0.24
13_103321140,1,0.568,0.24
13_103322748,1,0.568,0.24
13_103322968,1,0.568,0.24
13_103323334,1,0.568,0.24
13_103323482,1,0.568,0.24
13_103324280,1,0.568,0.24
13_103325678,1,0.568,0.24
13_103326104,1,0.568,0.24
13_103326429,1,0.568,0.24
13_103326735,1,0.568,0.24
13_103327484,1,0.568,0.24
13_103327497,1,0.568,0.24
13_103327665,1,0.568,0.24
13_103328253,1,0.568,0.24
13_103329103,1,0.568,0.24
13_103329499,1,0.568,0.24
13_103330472,1,0.568,0.24
13_103330561,1,0.568,0.24
13_103330584,1,0.568,0.24
13_103330657,1,0.568,0.24
13_103330685,1,0.568,0.24
13_103330742,1,0.568,0.24
13_103330951,1,0.568,0.24
13_103331098,1,0.568,0.24
13_103331145,1,0.568,0.24
13_103331636,1,0.568,0.24
13_103331817,1,0.568,0.24
13_103332307,1,0.568,0.24
13_103332719,1,0.568,0.24
13_103332791,1,0.568,0.24
13_103332828,1,0.568,0.24
13_103332857,1,0.568,0.24
13_103332905,1,0.568,0.24
13_103332941,1,0.568,0.253
13_103332953,1,0.568,0.253
13_103333046,1,0.568,0.24
13_103333154,1,0.568,0.24
13_103333296,1,0.568,0.24
13_103333357,1,0.568,0.24
13_103333390,1,0.568,0.24
13_103333432,1,0.568,0.24
13_103333708,1,0.568,0.24
13_103333935,1,0.568,0.24
13_103334064,1,0.568,0.227
13_103334433,1,0.568,0.24
13_103334513,1,0.568,0.24
14_39325528,2,0.378,0.173
14_55474100,2,0.541,0.213
14_55474713,2,0.541,0.213
14_68601208,0,0.622,0.267
14_68602800,0,0.635,0.267
14_68605010,2,0.122,0.387
14_84790600,0,0.189,0.467
14_92250970,2,0.122,0.333
15_80348134,2,0.176,0.453
15_80348584,2,0.162,0.387
15_80349342,2,0.203,0.467
16_7646435,0,0.459,0.2
16_7646603,2,0.203,0.467
16_7647374,2,0.203,0.48
16_7648570,2,0.203,0.453
16_26077967,0,0.122,0.36
16_26078202,0,0.122,0.36
16_26078299,0,0.122,0.36
16_26078350,0,0.122,0.347
16_26080115,0,0.122,0.347
16_26080387,0,0.122,0.347
16_26081195,0,0.122,0.347
16_26082983,0,0.122,0.347
16_26084670,0,0.122,0.347
16_26086724,0,0.122,0.347
16_26088610,0,0.122,0.347
16_26094018,0,0.122,0.347
16_26096325,0,0.122,0.347
16_26096613,0,0.122,0.347
16_26097913,0,0.122,0.36
16_26102578,2,0.122,0.347
16_26104601,0,0.122,0.347
16_29256947,0,0.135,0.373
16_29257499,0,0.135,0.373
16_29267707,0,0.135,0.387
16_59665084,2,0.257,0.52
16_59668304,2,0.23,0.48
16_59674945,0,0.338,0.133
16_59674958,0,0.338,0.133
16_59685633,2,0.257,0.52
16_59687677,2,0.257,0.52
16_59687849,2,0.257,0.52
16_59688578,2,0.257,0.52
16_59688594,2,0.257,0.52
16_59688650,2,0.257,0.52
16_65852731,0,0.378,0.187
16_65852731,2,0.149,0.36
16_65852741,2,0.216,0.48
16_65857944,2,0.122,0.347
17_21909478,0,0.135,0.307
18_27627812,0,0.189,0.4
18_27630988,0,0.149,0.36
18_27640200,0,0.176,0.36
18_27642355,0,0.23,0.467
18_27643420,0,0.176,0.36
18_27643468,0,0.23,0.48
18_27643858,0,0.176,0.36
18_27644107,0,0.176,0.36
18_27644253,0,0.176,0.36
18_27644430,0,0.23,0.48
18_27645129,0,0.176,0.36
18_27646344,0,0.176,0.36
18_27649322,0,0.176,0.36
18_27649574,0,0.176,0.36
18_27650840,0,0.176,0.36
18_27651782,0,0.176,0.36
18_27653664,0,0.176,0.36
18_79335257,2,0.108,0.36
18_79348712,2,0.108,0.36
18_79348792,2,0.108,0.36
18_79349045,2,0.108,0.36
18_79349150,2,0.108,0.36
18_79349240,2,0.108,0.36
18_79356485,2,0.108,0.36
18_79359736,2,0.108,0.36
18_79362334,2,0.108,0.36
18_79364819,2,0.108,0.36
18_79369563,2,0.108,0.36
18_79372016,2,0.108,0.36
18_79372051,2,0.108,0.36
18_79373717,2,0.108,0.36
18_79378068,2,0.108,0.36
18_79378172,2,0.122,0.36
18_79378395,2,0.162,0.4
18_79378748,2,0.108,0.36
18_79380874,2,0.108,0.36
18_79383126,2,0.041,0.32
18_79383192,0,0.108,0.387
18_79383203,2,0.041,0.32
18_79384011,0,0.108,0.387
18_79385085,0,0.108,0.387
18_79385435,2,0.068,0.32
18_79385436,2,0.081,0.347
18_79385479,0,0.108,0.387
19_34238092,2,0.527,0.24
19_56650733,0,0.149,0.427
19_56650920,0,0.149,0.427
19_56651174,0,0.149,0.427
19_56652043,0,0.149,0.427
19_56652311,0,0.162,0.427
19_56652470,0,0.149,0.427
19_56653392,0,0.149,0.427
19_56653562,0,0.149,0.427
19_56653662,0,0.149,0.427
19_56656393,0,0.149,0.427
20_10960354,0,0.108,0.347
20_10961543,0,0.108,0.347
20_10968761,0,0.122,0.36
20_10971595,0,0.108,0.347
20_10975844,0,0.108,0.347
20_10983073,0,0.108,0.347
20_10983073,2,0.378,0.173
20_20431066,0,0.216,0.453
21_26551898,2,0.135,0.36
21_26557539,2,0.162,0.413
21_38661737,2,0.23,0.467
22_21572167,2,0.122,0.373
22_35439454,0,0.324,0.653
